[2026-03-25 22:17:04.531] [info] [:] [main_qml.cpp:38:main] "-------------------------------Application starting (QML)..."
[2026-03-25 22:17:04.531] [info] [:] [TranslationManager.cpp:170:loadSavedLanguage] "TranslationManager: loaded saved language=0"
[2026-03-25 22:17:04.531] [info] [:] [TranslationManager.cpp:80:applyTranslation] "TranslationManager: main translation loaded, path=/Users/chrisyan/ClientForFrameWork/target/Mac/bin/ClientForFrame.app/Contents/MacOS/translations/clientframe_zh_CN.qm"
[2026-03-25 22:17:04.531] [debug] [:] [TranslationManager.cpp:101:loadComponentTranslations] "TranslationManager: macOS adjusted appDir=/Users/chrisyan/ClientForFrameWork/target/Mac/bin"
[2026-03-25 22:17:04.531] [info] [:] [TranslationManager.cpp:105:loadComponentTranslations] "TranslationManager: loading component translations from dir=/Users/chrisyan/ClientForFrameWork/target/Mac/bin/Component"
[2026-03-25 22:17:04.531] [debug] [:] [TranslationManager.cpp:115:loadComponentTranslations] "TranslationManager: translation suffix=_zh_CN.qm"
[2026-03-25 22:17:04.531] [debug] [:] [TranslationManager.cpp:126:loadComponentTranslations] "TranslationManager: trying component translation file=/Users/chrisyan/ClientForFrameWork/target/Mac/bin/Component/PicMatch/meta_info/runtime_info/language/picmatch_zh_CN.qm"
[2026-03-25 22:17:04.531] [info] [:] [TranslationManager.cpp:132:loadComponentTranslations] "TranslationManager: component translation loaded, file=/Users/chrisyan/ClientForFrameWork/target/Mac/bin/Component/PicMatch/meta_info/runtime_info/language/picmatch_zh_CN.qm"
[2026-03-25 22:17:04.534] [info] [:] [ComponentService.cpp:105:initialize] "ComponentService: Loading component PicMatch from /Users/chrisyan/ClientForFrameWork/target/Mac/bin/Component/PicMatch"
[2026-03-25 22:17:04.534] [info] [:] [ComponentManager.cpp:133:loadComponent] "ComponentManager: Checking if component can be loaded: PicMatch"
[2026-03-25 22:17:04.534] [info] [:] [NativeDllComponentLoader.cpp:149:resolveLibraryPath] "resolveLibraryPath: basePath = /Users/chrisyan/ClientForFrameWork/target/Mac/bin/Component/PicMatch"
[2026-03-25 22:17:04.534] [info] [:] [NativeDllComponentLoader.cpp:196:resolveLibraryPath] "resolveLibraryPath: resolved to = /Users/chrisyan/ClientForFrameWork/target/Mac/bin/Component/PicMatch/bin/libPicMatchComponent.dylib"
[2026-03-25 22:17:04.534] [info] [:] [NativeDllComponentLoader.cpp:111:canLoad] "NativeDllComponentLoader::canLoad checking: /Users/chrisyan/ClientForFrameWork/target/Mac/bin/Component/PicMatch/bin/libPicMatchComponent.dylib"
[2026-03-25 22:17:04.534] [info] [:] [NativeDllComponentLoader.cpp:129:canLoad] "Attempting to load: /Users/chrisyan/ClientForFrameWork/target/Mac/bin/Component/PicMatch/bin/libPicMatchComponent.dylib"
[2026-03-25 22:17:05.303] [info] [:] [NativeDllComponentLoader.cpp:140:canLoad] "Successfully loaded: /Users/chrisyan/ClientForFrameWork/target/Mac/bin/Component/PicMatch/bin/libPicMatchComponent.dylib"
[2026-03-25 22:17:05.303] [info] [:] [ComponentManager.cpp:140:loadComponent] "ComponentManager: Component can be loaded: PicMatch"
[2026-03-25 22:17:05.303] [info] [:] [NativeDllComponentLoader.cpp:149:resolveLibraryPath] "resolveLibraryPath: basePath = /Users/chrisyan/ClientForFrameWork/target/Mac/bin/Component/PicMatch"
[2026-03-25 22:17:05.303] [info] [:] [NativeDllComponentLoader.cpp:196:resolveLibraryPath] "resolveLibraryPath: resolved to = /Users/chrisyan/ClientForFrameWork/target/Mac/bin/Component/PicMatch/bin/libPicMatchComponent.dylib"
[2026-03-25 22:17:05.304] [info] [:] [ComponentService.cpp:136:loadComponent] "ComponentService: Initializing NativeDll component: PicMatch"
[2026-03-25 22:17:05.304] [info] [:] [ComponentService.cpp:140:loadComponent] "ComponentService: Calling initialize on component"
[2026-03-25 22:17:05.304] [info] [:] [PicMatchComponent.cpp:30:initialize] "PicMatchComponent::initialize - engine: 0x16b2a9840 basePath: /Users/chrisyan/ClientForFrameWork/target/Mac/bin/Component/PicMatch"
[2026-03-25 22:17:05.304] [info] [:] [PicMatchComponent.cpp:38:initialize] "PicMatchComponent::initialize - m_basePath: /Users/chrisyan/ClientForFrameWork/target/Mac/bin/Component/PicMatch"
[2026-03-25 22:17:05.304] [info] [:] [PicMatchComponent.cpp:48:initialize] "PicMatchComponent::initialize - m_manifest.id: "
[2026-03-25 22:17:05.304] [info] [:] [PicMatchComponent.cpp:53:initialize] "PicMatchComponent::initialize - using default manifest"
[2026-03-25 22:17:05.304] [info] [:] [PicMatchComponent.cpp:57:initialize] "PicMatchComponent::initialize - calling registerQmlTypes"
[2026-03-25 22:17:05.304] [info] [:] [PicMatchComponent.cpp:92:registerQmlTypes] "PicMatchComponent::registerQmlTypes - manifest.id: picmatch"
[2026-03-25 22:17:05.304] [info] [:] [PicMatchComponent.cpp:99:registerQmlTypes] "PicMatchComponent: Registering QML types for PicMatchCore"
[2026-03-25 22:17:05.304] [info] [:] [PicMatchComponent.cpp:108:registerQmlTypes] "PicMatchComponent: Registered image provider 'picmatchfaces'"
[2026-03-25 22:17:05.304] [info] [:] [PicMatchComponent.cpp:115:registerQmlTypes] "PicMatchComponent: Checking QML path: /Users/chrisyan/ClientForFrameWork/target/Mac/bin/Component/PicMatch/bin/qml/ exists: true"
[2026-03-25 22:17:05.304] [info] [:] [PicMatchComponent.cpp:118:registerQmlTypes] "PicMatchComponent: Added QML import path: /Users/chrisyan/ClientForFrameWork/target/Mac/bin/Component/PicMatch/bin/qml/"
[2026-03-25 22:17:05.304] [info] [:] [PicMatchComponent.cpp:61:initialize] "PicMatchComponent::initialize - completed successfully"
[2026-03-25 22:17:05.304] [info] [:] [ComponentService.cpp:142:loadComponent] "ComponentService: initialize returned: 1"
[2026-03-25 22:17:05.304] [info] [:] [ComponentService.cpp:144:loadComponent] "ComponentService: Registering QML types"
[2026-03-25 22:17:05.304] [info] [:] [PicMatchComponent.cpp:92:registerQmlTypes] "PicMatchComponent::registerQmlTypes - manifest.id: picmatch"
[2026-03-25 22:17:05.304] [info] [:] [PicMatchComponent.cpp:99:registerQmlTypes] "PicMatchComponent: Registering QML types for PicMatchCore"
[2026-03-25 22:17:05.304] [info] [:] [PicMatchComponent.cpp:115:registerQmlTypes] "PicMatchComponent: Checking QML path: /Users/chrisyan/ClientForFrameWork/target/Mac/bin/Component/PicMatch/bin/qml/ exists: true"
[2026-03-25 22:17:05.304] [info] [:] [PicMatchComponent.cpp:118:registerQmlTypes] "PicMatchComponent: Added QML import path: /Users/chrisyan/ClientForFrameWork/target/Mac/bin/Component/PicMatch/bin/qml/"
[2026-03-25 22:17:05.304] [info] [:] [ComponentService.cpp:153:loadComponent] "ComponentService: Registering component page: file:///Users/chrisyan/ClientForFrameWork/target/Mac/bin/Component/PicMatch/bin/qml/PicMatchPage.qml"
[2026-03-25 22:17:05.304] [info] [:] [ComponentService.cpp:165:loadComponent] "ComponentService: Registering component icon: /Users/chrisyan/ClientForFrameWork/target/Mac/bin/Component/PicMatch/meta_info/runtime_info/face_recognition.svg"
[2026-03-25 22:17:05.304] [info] [:] [AppController.cpp:166:registerComponentIcon] "AppController: Registered icon for PicMatch -> /Users/chrisyan/ClientForFrameWork/target/Mac/bin/Component/PicMatch/meta_info/runtime_info/face_recognition.svg"
[2026-03-25 22:17:05.304] [info] [:] [ComponentService.cpp:175:loadComponent] "ComponentService: Registering component name: PicMatch -> 图像人脸识别"
[2026-03-25 22:17:05.304] [info] [:] [AppController.cpp:179:registerComponentName] "AppController: Registered name for PicMatch -> 图像人脸识别"
[2026-03-25 22:17:05.304] [info] [:] [ComponentService.cpp:182:loadComponent] "ComponentService: Emitting componentLoaded signal"
[2026-03-25 22:17:05.699] [info] [:] [main_qml.cpp:120:main] "-------------------------------Application (QML) entering event loop..."
[2026-03-25 22:17:06.837] [debug] [:] [PlayerHostItem.cpp:204:ensureHostWindowCreated] "PlayerHostItem: host window created, running=false, visible=false"
[2026-03-25 22:17:06.837] [info] [:] [PlayerHostItem.cpp:222:ensureHostWindowCreated] "PlayerHostItem: created QWindow host for OpenGL player (no QWidget embed)"
[2026-03-25 22:17:06.838] [info] [:] [PicMatchModel.cpp:74:initializeImageList] "Initialized image list from \"/Users/chrisyan/ClientForFrameWork/picdata\" with 6 images"
[2026-03-25 22:17:06.839] [info] [:] [PicRecognitionObj.cpp:83:init] "Found DNN config file: /Users/chrisyan/ClientForFrameWork/target/Mac/bin/Component/PicMatch/bin/face_detector/opencv_face_detector.pbtxt"
[2026-03-25 22:17:06.839] [info] [:] [PicRecognitionObj.cpp:95:init] "Found DNN model file: /Users/chrisyan/ClientForFrameWork/target/Mac/bin/Component/PicMatch/bin/face_detector/opencv_face_detector_uint8.pb"
[2026-03-25 22:17:06.861] [info] [:] [PicRecognitionObj.cpp:115:init] "Successfully loaded DNN face detection model"
[2026-03-25 22:17:06.862] [info] [:] [PicRecognitionObj.cpp:183:init] "Found age model config: /Users/chrisyan/ClientForFrameWork/target/Mac/bin/Component/PicMatch/bin/face_detector/age_deploy.prototxt"
[2026-03-25 22:17:06.862] [info] [:] [PicRecognitionObj.cpp:195:init] "Found age model: /Users/chrisyan/ClientForFrameWork/target/Mac/bin/Component/PicMatch/bin/face_detector/age_net.caffemodel"
[2026-03-25 22:17:06.894] [info] [:] [PicRecognitionObj.cpp:207:init] "Successfully loaded age estimation model"
[2026-03-25 22:17:06.894] [info] [:] [PicRecognitionObj.cpp:218:init] "Face recognition initialized successfully, using DNN: true, age estimation: true"
[2026-03-25 22:17:08.285] [info] [:] [PicMatchViewModel.cpp:296:doRegisterWindow] "ViewModel: window registered, handle=1"
[2026-03-25 22:17:08.286] [info] [:] [PicMatchModel.cpp:74:initializeImageList] "Initialized image list from \"/Users/chrisyan/ClientForFrameWork/picdata\" with 6 images"
[2026-03-25 22:17:08.395] [debug] [:] [PicRecognitionObj.cpp:510:detectFacesInRgba] "Using DNN for face detection"
[2026-03-25 22:17:08.400] [debug] [:] [PicRecognitionObj.cpp:314:detectFacesWithDNN] "Starting DNN face detection, image size: 3200x2400"
[2026-03-25 22:17:08.400] [debug] [:] [PicRecognitionObj.cpp:315:detectFacesWithDNN] "Net is empty: false"
[2026-03-25 22:17:08.401] [debug] [:] [PicRecognitionObj.cpp:323:detectFacesWithDNN] "Blob created with size: 1x3x300x300"
[2026-03-25 22:17:08.423] [debug] [:] [PicRecognitionObj.cpp:334:detectFacesWithDNN] "Successfully got detections using output layer: detection_out, dims: 4"
[2026-03-25 22:17:08.423] [debug] [:] [PicRecognitionObj.cpp:362:detectFacesWithDNN] "Detections matrix dimensions: 4"
[2026-03-25 22:17:08.423] [debug] [:] [PicRecognitionObj.cpp:365:detectFacesWithDNN] "Detected Caffe-style output format: 1x1xNx7, num_detections: 200"
[2026-03-25 22:17:08.423] [debug] [:] [PicRecognitionObj.cpp:386:detectFacesWithDNN] "Converted coordinates: x=1178, y=966, w=298, h=326"
[2026-03-25 22:17:08.423] [debug] [:] [PicRecognitionObj.cpp:390:detectFacesWithDNN] "Adding face detection: (1178,966)-(1476,1292)"
[2026-03-25 22:17:08.423] [debug] [:] [PicRecognitionObj.cpp:386:detectFacesWithDNN] "Converted coordinates: x=661, y=612, w=425, h=456"
[2026-03-25 22:17:08.423] [debug] [:] [PicRecognitionObj.cpp:390:detectFacesWithDNN] "Adding face detection: (661,612)-(1086,1068)"
[2026-03-25 22:17:08.423] [debug] [:] [PicRecognitionObj.cpp:479:detectFacesWithDNN] "DNN face detection finished, found 2 faces"
[2026-03-25 22:17:08.423] [debug] [:] [PicRecognitionObj.cpp:517:detectFacesInRgba] "DNN returned 2 faces"
[2026-03-25 22:17:08.442] [debug] [:] [PicRecognitionObj.cpp:291:estimateAge] "Age prediction: range=(4-6), confidence=0.523"
[2026-03-25 22:17:08.448] [debug] [:] [PicRecognitionObj.cpp:291:estimateAge] "Age prediction: range=(15-20), confidence=0.988"
[2026-03-25 22:17:08.448] [debug] [:] [PicRecognitionObj.cpp:669:detectFacesInRgba] "Face detection completed: 2 faces detected for image ID: beauty_20250216152514"
[2026-03-25 22:17:08.448] [debug] [:] [PicRecognitionObj.cpp:674:detectFacesInRgba] "Face 0: x=0.368, y=0.403, width=0.093, height=0.136, confidence=0.968, age=4, face image size: 378x406"
[2026-03-25 22:17:08.448] [debug] [:] [PicRecognitionObj.cpp:674:detectFacesInRgba] "Face 1: x=0.207, y=0.255, width=0.133, height=0.190, confidence=0.966, age=17, face image size: 505x536"
[2026-03-25 22:17:11.757] [info] [:] [PicMatchViewModel.cpp:296:doRegisterWindow] "ViewModel: window registered, handle=1"
[2026-03-25 22:17:11.758] [info] [:] [PicMatchModel.cpp:74:initializeImageList] "Initialized image list from \"/Users/chrisyan/ClientForFrameWork/picdata\" with 6 images"
[2026-03-25 22:17:11.854] [debug] [:] [PicRecognitionObj.cpp:510:detectFacesInRgba] "Using DNN for face detection"
[2026-03-25 22:17:11.858] [debug] [:] [PicRecognitionObj.cpp:314:detectFacesWithDNN] "Starting DNN face detection, image size: 3200x2400"
[2026-03-25 22:17:11.858] [debug] [:] [PicRecognitionObj.cpp:315:detectFacesWithDNN] "Net is empty: false"
[2026-03-25 22:17:11.859] [debug] [:] [PicRecognitionObj.cpp:323:detectFacesWithDNN] "Blob created with size: 1x3x300x300"
[2026-03-25 22:17:11.870] [debug] [:] [PicRecognitionObj.cpp:334:detectFacesWithDNN] "Successfully got detections using output layer: detection_out, dims: 4"
[2026-03-25 22:17:11.870] [debug] [:] [PicRecognitionObj.cpp:362:detectFacesWithDNN] "Detections matrix dimensions: 4"
[2026-03-25 22:17:11.870] [debug] [:] [PicRecognitionObj.cpp:365:detectFacesWithDNN] "Detected Caffe-style output format: 1x1xNx7, num_detections: 200"
[2026-03-25 22:17:11.870] [debug] [:] [PicRecognitionObj.cpp:386:detectFacesWithDNN] "Converted coordinates: x=1178, y=966, w=298, h=326"
[2026-03-25 22:17:11.870] [debug] [:] [PicRecognitionObj.cpp:390:detectFacesWithDNN] "Adding face detection: (1178,966)-(1476,1292)"
[2026-03-25 22:17:11.870] [debug] [:] [PicRecognitionObj.cpp:386:detectFacesWithDNN] "Converted coordinates: x=661, y=612, w=425, h=456"
[2026-03-25 22:17:11.870] [debug] [:] [PicRecognitionObj.cpp:390:detectFacesWithDNN] "Adding face detection: (661,612)-(1086,1068)"
[2026-03-25 22:17:11.870] [debug] [:] [PicRecognitionObj.cpp:479:detectFacesWithDNN] "DNN face detection finished, found 2 faces"
[2026-03-25 22:17:11.870] [debug] [:] [PicRecognitionObj.cpp:517:detectFacesInRgba] "DNN returned 2 faces"
[2026-03-25 22:17:11.878] [debug] [:] [PicRecognitionObj.cpp:291:estimateAge] "Age prediction: range=(4-6), confidence=0.523"
[2026-03-25 22:17:11.884] [debug] [:] [PicRecognitionObj.cpp:291:estimateAge] "Age prediction: range=(15-20), confidence=0.988"
[2026-03-25 22:17:11.884] [debug] [:] [PicRecognitionObj.cpp:669:detectFacesInRgba] "Face detection completed: 2 faces detected for image ID: beauty_20250216152514"
[2026-03-25 22:17:11.884] [debug] [:] [PicRecognitionObj.cpp:674:detectFacesInRgba] "Face 0: x=0.368, y=0.403, width=0.093, height=0.136, confidence=0.968, age=4, face image size: 378x406"
[2026-03-25 22:17:11.884] [debug] [:] [PicRecognitionObj.cpp:674:detectFacesInRgba] "Face 1: x=0.207, y=0.255, width=0.133, height=0.190, confidence=0.966, age=17, face image size: 505x536"
[2026-03-25 22:17:18.899] [debug] [:] [PicMatchViewModel.cpp:81:picCallbackBridge] "picCallbackBridge: handle=1, msg=1, user=0xbba12d900"
[2026-03-25 22:17:18.899] [debug] [:] [PicMatchViewModel.cpp:400:onPlayerCallback] "onPlayerCallback showid: beauty_20250216152514"
[2026-03-25 22:17:18.899] [debug] [:] [FaceImageProvider.cpp:39:setImage] "FaceImageProvider::setImage id=beauty_20250216152514_face_0 size=378x406 version=1 cacheCount=1"
[2026-03-25 22:17:18.899] [debug] [:] [PicMatchModel.cpp:150:facesToVariantList] "facesToVariantList face=beauty_20250216152514_face_0 providerUrl=image://picmatchfaces/beauty_20250216152514_face_0?v=1"
[2026-03-25 22:17:18.900] [debug] [:] [FaceImageProvider.cpp:39:setImage] "FaceImageProvider::setImage id=beauty_20250216152514_face_1 size=505x536 version=2 cacheCount=2"
[2026-03-25 22:17:18.900] [debug] [:] [PicMatchModel.cpp:150:facesToVariantList] "facesToVariantList face=beauty_20250216152514_face_1 providerUrl=image://picmatchfaces/beauty_20250216152514_face_1?v=1"
[2026-03-25 22:17:18.901] [debug] [:] [FaceImageProvider.cpp:72:requestImage] "FaceImageProvider::requestImage rawId=beauty_20250216152514_face_1?v=1 parsedId=beauty_20250216152514_face_1 hit=true req=-1x-1 cached=505x536 cacheCount=2"
[2026-03-25 22:17:18.902] [debug] [:] [PicMatchViewModel.cpp:412:onPlayerCallback] "onPlayerCallback restored and setList count=2"
[2026-03-25 22:17:18.902] [debug] [:] [FaceImageProvider.cpp:72:requestImage] "FaceImageProvider::requestImage rawId=beauty_20250216152514_face_0?v=1 parsedId=beauty_20250216152514_face_0 hit=true req=-1x-1 cached=378x406 cacheCount=2"
[2026-03-25 22:17:18.925] [debug] [:] [PicRecognitionObj.cpp:510:detectFacesInRgba] "Using DNN for face detection"
[2026-03-25 22:17:18.927] [debug] [:] [PicRecognitionObj.cpp:314:detectFacesWithDNN] "Starting DNN face detection, image size: 1279x1706"
[2026-03-25 22:17:18.927] [debug] [:] [PicRecognitionObj.cpp:315:detectFacesWithDNN] "Net is empty: false"
[2026-03-25 22:17:18.927] [debug] [:] [PicRecognitionObj.cpp:323:detectFacesWithDNN] "Blob created with size: 1x3x300x300"
[2026-03-25 22:17:18.937] [debug] [:] [PicRecognitionObj.cpp:334:detectFacesWithDNN] "Successfully got detections using output layer: detection_out, dims: 4"
[2026-03-25 22:17:18.937] [debug] [:] [PicRecognitionObj.cpp:362:detectFacesWithDNN] "Detections matrix dimensions: 4"
[2026-03-25 22:17:18.937] [debug] [:] [PicRecognitionObj.cpp:365:detectFacesWithDNN] "Detected Caffe-style output format: 1x1xNx7, num_detections: 200"
[2026-03-25 22:17:18.937] [debug] [:] [PicRecognitionObj.cpp:386:detectFacesWithDNN] "Converted coordinates: x=667, y=453, w=129, h=154"
[2026-03-25 22:17:18.937] [debug] [:] [PicRecognitionObj.cpp:390:detectFacesWithDNN] "Adding face detection: (667,453)-(796,607)"
[2026-03-25 22:17:18.937] [debug] [:] [PicRecognitionObj.cpp:479:detectFacesWithDNN] "DNN face detection finished, found 1 faces"
[2026-03-25 22:17:18.937] [debug] [:] [PicRecognitionObj.cpp:517:detectFacesInRgba] "DNN returned 1 faces"
[2026-03-25 22:17:18.945] [debug] [:] [PicRecognitionObj.cpp:291:estimateAge] "Age prediction: range=(15-20), confidence=0.520"
[2026-03-25 22:17:18.945] [debug] [:] [PicRecognitionObj.cpp:669:detectFacesInRgba] "Face detection completed: 1 faces detected for image ID: xiaoxiaoyan_1"
[2026-03-25 22:17:18.945] [debug] [:] [PicRecognitionObj.cpp:674:detectFacesInRgba] "Face 0: x=0.522, y=0.266, width=0.101, height=0.090, confidence=0.959, age=17, face image size: 209x234"
[2026-03-25 22:17:22.768] [info] [:] [PicMatchViewModel.cpp:296:doRegisterWindow] "ViewModel: window registered, handle=1"
[2026-03-25 22:17:22.769] [info] [:] [PicMatchModel.cpp:74:initializeImageList] "Initialized image list from \"/Users/chrisyan/ClientForFrameWork/picdata\" with 6 images"
[2026-03-25 22:17:22.866] [debug] [:] [PicRecognitionObj.cpp:510:detectFacesInRgba] "Using DNN for face detection"
[2026-03-25 22:17:22.869] [debug] [:] [PicRecognitionObj.cpp:314:detectFacesWithDNN] "Starting DNN face detection, image size: 3200x2400"
[2026-03-25 22:17:22.869] [debug] [:] [PicRecognitionObj.cpp:315:detectFacesWithDNN] "Net is empty: false"
[2026-03-25 22:17:22.869] [debug] [:] [PicRecognitionObj.cpp:323:detectFacesWithDNN] "Blob created with size: 1x3x300x300"
[2026-03-25 22:17:22.881] [debug] [:] [PicRecognitionObj.cpp:334:detectFacesWithDNN] "Successfully got detections using output layer: detection_out, dims: 4"
[2026-03-25 22:17:22.881] [debug] [:] [PicRecognitionObj.cpp:362:detectFacesWithDNN] "Detections matrix dimensions: 4"
[2026-03-25 22:17:22.881] [debug] [:] [PicRecognitionObj.cpp:365:detectFacesWithDNN] "Detected Caffe-style output format: 1x1xNx7, num_detections: 200"
[2026-03-25 22:17:22.881] [debug] [:] [PicRecognitionObj.cpp:386:detectFacesWithDNN] "Converted coordinates: x=1178, y=966, w=298, h=326"
[2026-03-25 22:17:22.881] [debug] [:] [PicRecognitionObj.cpp:390:detectFacesWithDNN] "Adding face detection: (1178,966)-(1476,1292)"
[2026-03-25 22:17:22.881] [debug] [:] [PicRecognitionObj.cpp:386:detectFacesWithDNN] "Converted coordinates: x=661, y=612, w=425, h=456"
[2026-03-25 22:17:22.881] [debug] [:] [PicRecognitionObj.cpp:390:detectFacesWithDNN] "Adding face detection: (661,612)-(1086,1068)"
[2026-03-25 22:17:22.881] [debug] [:] [PicRecognitionObj.cpp:479:detectFacesWithDNN] "DNN face detection finished, found 2 faces"
[2026-03-25 22:17:22.881] [debug] [:] [PicRecognitionObj.cpp:517:detectFacesInRgba] "DNN returned 2 faces"
[2026-03-25 22:17:22.888] [debug] [:] [PicRecognitionObj.cpp:291:estimateAge] "Age prediction: range=(4-6), confidence=0.523"
[2026-03-25 22:17:22.894] [debug] [:] [PicRecognitionObj.cpp:291:estimateAge] "Age prediction: range=(15-20), confidence=0.988"
[2026-03-25 22:17:22.894] [debug] [:] [PicRecognitionObj.cpp:669:detectFacesInRgba] "Face detection completed: 2 faces detected for image ID: beauty_20250216152514"
[2026-03-25 22:17:22.894] [debug] [:] [PicRecognitionObj.cpp:674:detectFacesInRgba] "Face 0: x=0.368, y=0.403, width=0.093, height=0.136, confidence=0.968, age=4, face image size: 378x406"
[2026-03-25 22:17:22.894] [debug] [:] [PicRecognitionObj.cpp:674:detectFacesInRgba] "Face 1: x=0.207, y=0.255, width=0.133, height=0.190, confidence=0.966, age=17, face image size: 505x536"
[2026-03-25 22:17:29.615] [debug] [:] [PicMatchViewModel.cpp:81:picCallbackBridge] "picCallbackBridge: handle=1, msg=1, user=0xbba12d900"
[2026-03-25 22:17:29.615] [debug] [:] [PicMatchViewModel.cpp:400:onPlayerCallback] "onPlayerCallback showid: beauty_20250216152514"
[2026-03-25 22:17:29.616] [debug] [:] [FaceImageProvider.cpp:39:setImage] "FaceImageProvider::setImage id=beauty_20250216152514_face_0 size=378x406 version=3 cacheCount=2"
[2026-03-25 22:17:29.616] [debug] [:] [PicMatchModel.cpp:150:facesToVariantList] "facesToVariantList face=beauty_20250216152514_face_0 providerUrl=image://picmatchfaces/beauty_20250216152514_face_0?v=2"
[2026-03-25 22:17:29.616] [debug] [:] [FaceImageProvider.cpp:39:setImage] "FaceImageProvider::setImage id=beauty_20250216152514_face_1 size=505x536 version=4 cacheCount=2"
[2026-03-25 22:17:29.616] [debug] [:] [PicMatchModel.cpp:150:facesToVariantList] "facesToVariantList face=beauty_20250216152514_face_1 providerUrl=image://picmatchfaces/beauty_20250216152514_face_1?v=2"
[2026-03-25 22:17:29.617] [debug] [:] [FaceImageProvider.cpp:72:requestImage] "FaceImageProvider::requestImage rawId=beauty_20250216152514_face_0?v=2 parsedId=beauty_20250216152514_face_0 hit=true req=-1x-1 cached=378x406 cacheCount=2"
[2026-03-25 22:17:29.617] [debug] [:] [FaceImageProvider.cpp:72:requestImage] "FaceImageProvider::requestImage rawId=beauty_20250216152514_face_1?v=2 parsedId=beauty_20250216152514_face_1 hit=true req=-1x-1 cached=505x536 cacheCount=2"
[2026-03-25 22:17:29.617] [debug] [:] [PicMatchViewModel.cpp:412:onPlayerCallback] "onPlayerCallback restored and setList count=2"
[2026-03-25 22:17:29.640] [debug] [:] [PicRecognitionObj.cpp:510:detectFacesInRgba] "Using DNN for face detection"
[2026-03-25 22:17:29.641] [debug] [:] [PicRecognitionObj.cpp:314:detectFacesWithDNN] "Starting DNN face detection, image size: 1279x1706"
[2026-03-25 22:17:29.641] [debug] [:] [PicRecognitionObj.cpp:315:detectFacesWithDNN] "Net is empty: false"
[2026-03-25 22:17:29.641] [debug] [:] [PicRecognitionObj.cpp:323:detectFacesWithDNN] "Blob created with size: 1x3x300x300"
[2026-03-25 22:17:29.652] [debug] [:] [PicRecognitionObj.cpp:334:detectFacesWithDNN] "Successfully got detections using output layer: detection_out, dims: 4"
[2026-03-25 22:17:29.652] [debug] [:] [PicRecognitionObj.cpp:362:detectFacesWithDNN] "Detections matrix dimensions: 4"
[2026-03-25 22:17:29.652] [debug] [:] [PicRecognitionObj.cpp:365:detectFacesWithDNN] "Detected Caffe-style output format: 1x1xNx7, num_detections: 200"
[2026-03-25 22:17:29.652] [debug] [:] [PicRecognitionObj.cpp:386:detectFacesWithDNN] "Converted coordinates: x=667, y=453, w=129, h=154"
[2026-03-25 22:17:29.652] [debug] [:] [PicRecognitionObj.cpp:390:detectFacesWithDNN] "Adding face detection: (667,453)-(796,607)"
[2026-03-25 22:17:29.652] [debug] [:] [PicRecognitionObj.cpp:479:detectFacesWithDNN] "DNN face detection finished, found 1 faces"
[2026-03-25 22:17:29.652] [debug] [:] [PicRecognitionObj.cpp:517:detectFacesInRgba] "DNN returned 1 faces"
[2026-03-25 22:17:29.658] [debug] [:] [PicRecognitionObj.cpp:291:estimateAge] "Age prediction: range=(15-20), confidence=0.520"
[2026-03-25 22:17:29.658] [debug] [:] [PicRecognitionObj.cpp:669:detectFacesInRgba] "Face detection completed: 1 faces detected for image ID: xiaoxiaoyan_1"
[2026-03-25 22:17:29.658] [debug] [:] [PicRecognitionObj.cpp:674:detectFacesInRgba] "Face 0: x=0.522, y=0.266, width=0.101, height=0.090, confidence=0.959, age=17, face image size: 209x234"
[2026-03-25 22:17:33.149] [debug] [:] [PicMatchViewModel.cpp:81:picCallbackBridge] "picCallbackBridge: handle=1, msg=1, user=0xbba12d900"
[2026-03-25 22:17:33.149] [debug] [:] [PicMatchViewModel.cpp:400:onPlayerCallback] "onPlayerCallback showid: xiaoxiaoyan_1"
[2026-03-25 22:17:33.149] [debug] [:] [FaceImageProvider.cpp:39:setImage] "FaceImageProvider::setImage id=xiaoxiaoyan_1_face_0 size=209x234 version=5 cacheCount=3"
[2026-03-25 22:17:33.149] [debug] [:] [PicMatchModel.cpp:150:facesToVariantList] "facesToVariantList face=xiaoxiaoyan_1_face_0 providerUrl=image://picmatchfaces/xiaoxiaoyan_1_face_0?v=3"
[2026-03-25 22:17:33.149] [debug] [:] [PicMatchViewModel.cpp:412:onPlayerCallback] "onPlayerCallback restored and setList count=1"
[2026-03-25 22:17:33.150] [debug] [:] [FaceImageProvider.cpp:72:requestImage] "FaceImageProvider::requestImage rawId=xiaoxiaoyan_1_face_0?v=3 parsedId=xiaoxiaoyan_1_face_0 hit=true req=-1x-1 cached=209x234 cacheCount=3"
[2026-03-25 22:17:33.162] [debug] [:] [PicRecognitionObj.cpp:510:detectFacesInRgba] "Using DNN for face detection"
[2026-03-25 22:17:33.163] [debug] [:] [PicRecognitionObj.cpp:314:detectFacesWithDNN] "Starting DNN face detection, image size: 960x1282"
[2026-03-25 22:17:33.163] [debug] [:] [PicRecognitionObj.cpp:315:detectFacesWithDNN] "Net is empty: false"
[2026-03-25 22:17:33.164] [debug] [:] [PicRecognitionObj.cpp:323:detectFacesWithDNN] "Blob created with size: 1x3x300x300"
[2026-03-25 22:17:33.174] [debug] [:] [PicRecognitionObj.cpp:334:detectFacesWithDNN] "Successfully got detections using output layer: detection_out, dims: 4"
[2026-03-25 22:17:33.174] [debug] [:] [PicRecognitionObj.cpp:362:detectFacesWithDNN] "Detections matrix dimensions: 4"
[2026-03-25 22:17:33.174] [debug] [:] [PicRecognitionObj.cpp:365:detectFacesWithDNN] "Detected Caffe-style output format: 1x1xNx7, num_detections: 200"
[2026-03-25 22:17:33.174] [debug] [:] [PicRecognitionObj.cpp:386:detectFacesWithDNN] "Converted coordinates: x=250, y=199, w=350, h=373"
[2026-03-25 22:17:33.174] [debug] [:] [PicRecognitionObj.cpp:390:detectFacesWithDNN] "Adding face detection: (250,199)-(600,572)"
[2026-03-25 22:17:33.174] [debug] [:] [PicRecognitionObj.cpp:479:detectFacesWithDNN] "DNN face detection finished, found 1 faces"
[2026-03-25 22:17:33.174] [debug] [:] [PicRecognitionObj.cpp:517:detectFacesInRgba] "DNN returned 1 faces"
[2026-03-25 22:17:33.181] [debug] [:] [PicRecognitionObj.cpp:291:estimateAge] "Age prediction: range=(0-2), confidence=0.681"
[2026-03-25 22:17:33.181] [debug] [:] [PicRecognitionObj.cpp:669:detectFacesInRgba] "Face detection completed: 1 faces detected for image ID: xiaoxiaoyan_2"
[2026-03-25 22:17:33.181] [debug] [:] [PicRecognitionObj.cpp:674:detectFacesInRgba] "Face 0: x=0.260, y=0.155, width=0.365, height=0.291, confidence=0.948, age=1, face image size: 430x453"
[2026-03-25 22:17:36.421] [debug] [:] [PicMatchViewModel.cpp:81:picCallbackBridge] "picCallbackBridge: handle=1, msg=1, user=0xbba12d900"
[2026-03-25 22:17:36.421] [debug] [:] [PicMatchViewModel.cpp:400:onPlayerCallback] "onPlayerCallback showid: xiaoxiaoyan_2"
[2026-03-25 22:17:36.421] [debug] [:] [FaceImageProvider.cpp:39:setImage] "FaceImageProvider::setImage id=xiaoxiaoyan_2_face_0 size=430x453 version=6 cacheCount=4"
[2026-03-25 22:17:36.421] [debug] [:] [PicMatchModel.cpp:150:facesToVariantList] "facesToVariantList face=xiaoxiaoyan_2_face_0 providerUrl=image://picmatchfaces/xiaoxiaoyan_2_face_0?v=4"
[2026-03-25 22:17:36.422] [debug] [:] [PicMatchViewModel.cpp:412:onPlayerCallback] "onPlayerCallback restored and setList count=1"
[2026-03-25 22:17:36.422] [debug] [:] [FaceImageProvider.cpp:72:requestImage] "FaceImageProvider::requestImage rawId=xiaoxiaoyan_2_face_0?v=4 parsedId=xiaoxiaoyan_2_face_0 hit=true req=-1x-1 cached=430x453 cacheCount=4"
[2026-03-25 22:17:36.445] [debug] [:] [PicRecognitionObj.cpp:510:detectFacesInRgba] "Using DNN for face detection"
[2026-03-25 22:17:36.446] [debug] [:] [PicRecognitionObj.cpp:314:detectFacesWithDNN] "Starting DNN face detection, image size: 1279x1706"
[2026-03-25 22:17:36.446] [debug] [:] [PicRecognitionObj.cpp:315:detectFacesWithDNN] "Net is empty: false"
[2026-03-25 22:17:36.446] [debug] [:] [PicRecognitionObj.cpp:323:detectFacesWithDNN] "Blob created with size: 1x3x300x300"
[2026-03-25 22:17:36.458] [debug] [:] [PicRecognitionObj.cpp:334:detectFacesWithDNN] "Successfully got detections using output layer: detection_out, dims: 4"
[2026-03-25 22:17:36.458] [debug] [:] [PicRecognitionObj.cpp:362:detectFacesWithDNN] "Detections matrix dimensions: 4"
[2026-03-25 22:17:36.458] [debug] [:] [PicRecognitionObj.cpp:365:detectFacesWithDNN] "Detected Caffe-style output format: 1x1xNx7, num_detections: 200"
[2026-03-25 22:17:36.458] [debug] [:] [PicRecognitionObj.cpp:386:detectFacesWithDNN] "Converted coordinates: x=612, y=449, w=167, h=188"
[2026-03-25 22:17:36.458] [debug] [:] [PicRecognitionObj.cpp:390:detectFacesWithDNN] "Adding face detection: (612,449)-(779,637)"
[2026-03-25 22:17:36.458] [debug] [:] [PicRecognitionObj.cpp:479:detectFacesWithDNN] "DNN face detection finished, found 1 faces"
[2026-03-25 22:17:36.458] [debug] [:] [PicRecognitionObj.cpp:517:detectFacesInRgba] "DNN returned 1 faces"
[2026-03-25 22:17:36.464] [debug] [:] [PicRecognitionObj.cpp:291:estimateAge] "Age prediction: range=(4-6), confidence=0.767"
[2026-03-25 22:17:36.464] [debug] [:] [PicRecognitionObj.cpp:669:detectFacesInRgba] "Face detection completed: 1 faces detected for image ID: xiaoxiaoyan_3"
[2026-03-25 22:17:36.464] [debug] [:] [PicRecognitionObj.cpp:674:detectFacesInRgba] "Face 0: x=0.478, y=0.263, width=0.131, height=0.110, confidence=0.964, age=4, face image size: 247x268"
[2026-03-25 22:17:39.865] [debug] [:] [PicMatchViewModel.cpp:81:picCallbackBridge] "picCallbackBridge: handle=1, msg=1, user=0xbba12d900"
[2026-03-25 22:17:39.865] [debug] [:] [PicMatchViewModel.cpp:400:onPlayerCallback] "onPlayerCallback showid: xiaoxiaoyan_3"
[2026-03-25 22:17:39.869] [debug] [:] [FaceImageProvider.cpp:39:setImage] "FaceImageProvider::setImage id=xiaoxiaoyan_3_face_0 size=247x268 version=7 cacheCount=5"
[2026-03-25 22:17:39.869] [debug] [:] [PicMatchModel.cpp:150:facesToVariantList] "facesToVariantList face=xiaoxiaoyan_3_face_0 providerUrl=image://picmatchfaces/xiaoxiaoyan_3_face_0?v=5"
[2026-03-25 22:17:39.869] [debug] [:] [FaceImageProvider.cpp:72:requestImage] "FaceImageProvider::requestImage rawId=xiaoxiaoyan_3_face_0?v=5 parsedId=xiaoxiaoyan_3_face_0 hit=true req=-1x-1 cached=247x268 cacheCount=5"
[2026-03-25 22:17:39.869] [debug] [:] [PicMatchViewModel.cpp:412:onPlayerCallback] "onPlayerCallback restored and setList count=1"
[2026-03-25 22:17:39.946] [debug] [:] [PicRecognitionObj.cpp:510:detectFacesInRgba] "Using DNN for face detection"
[2026-03-25 22:17:39.951] [debug] [:] [PicRecognitionObj.cpp:314:detectFacesWithDNN] "Starting DNN face detection, image size: 2736x3648"
[2026-03-25 22:17:39.951] [debug] [:] [PicRecognitionObj.cpp:315:detectFacesWithDNN] "Net is empty: false"
[2026-03-25 22:17:39.953] [debug] [:] [PicRecognitionObj.cpp:323:detectFacesWithDNN] "Blob created with size: 1x3x300x300"
[2026-03-25 22:17:39.963] [debug] [:] [PicRecognitionObj.cpp:334:detectFacesWithDNN] "Successfully got detections using output layer: detection_out, dims: 4"
[2026-03-25 22:17:39.963] [debug] [:] [PicRecognitionObj.cpp:362:detectFacesWithDNN] "Detections matrix dimensions: 4"
[2026-03-25 22:17:39.963] [debug] [:] [PicRecognitionObj.cpp:365:detectFacesWithDNN] "Detected Caffe-style output format: 1x1xNx7, num_detections: 200"
[2026-03-25 22:17:39.963] [debug] [:] [PicRecognitionObj.cpp:386:detectFacesWithDNN] "Converted coordinates: x=1135, y=2014, w=261, h=324"
[2026-03-25 22:17:39.963] [debug] [:] [PicRecognitionObj.cpp:390:detectFacesWithDNN] "Adding face detection: (1135,2014)-(1396,2338)"
[2026-03-25 22:17:39.963] [debug] [:] [PicRecognitionObj.cpp:479:detectFacesWithDNN] "DNN face detection finished, found 1 faces"
[2026-03-25 22:17:39.963] [debug] [:] [PicRecognitionObj.cpp:517:detectFacesInRgba] "DNN returned 1 faces"
[2026-03-25 22:17:39.972] [debug] [:] [PicRecognitionObj.cpp:291:estimateAge] "Age prediction: range=(0-2), confidence=0.516"
[2026-03-25 22:17:39.972] [debug] [:] [PicRecognitionObj.cpp:669:detectFacesInRgba] "Face detection completed: 1 faces detected for image ID: xiaoxiaoyan_4"
[2026-03-25 22:17:39.972] [debug] [:] [PicRecognitionObj.cpp:674:detectFacesInRgba] "Face 0: x=0.415, y=0.552, width=0.095, height=0.089, confidence=0.965, age=1, face image size: 341x404"
[2026-03-25 22:17:43.653] [debug] [:] [PicMatchViewModel.cpp:81:picCallbackBridge] "picCallbackBridge: handle=1, msg=1, user=0xbba12d900"
[2026-03-25 22:17:43.653] [debug] [:] [PicMatchViewModel.cpp:400:onPlayerCallback] "onPlayerCallback showid: xiaoxiaoyan_4"
[2026-03-25 22:17:43.653] [debug] [:] [FaceImageProvider.cpp:39:setImage] "FaceImageProvider::setImage id=xiaoxiaoyan_4_face_0 size=341x404 version=8 cacheCount=6"
[2026-03-25 22:17:43.653] [debug] [:] [PicMatchModel.cpp:150:facesToVariantList] "facesToVariantList face=xiaoxiaoyan_4_face_0 providerUrl=image://picmatchfaces/xiaoxiaoyan_4_face_0?v=6"
[2026-03-25 22:17:43.654] [debug] [:] [PicMatchViewModel.cpp:412:onPlayerCallback] "onPlayerCallback restored and setList count=1"
[2026-03-25 22:17:43.654] [debug] [:] [FaceImageProvider.cpp:72:requestImage] "FaceImageProvider::requestImage rawId=xiaoxiaoyan_4_face_0?v=6 parsedId=xiaoxiaoyan_4_face_0 hit=true req=-1x-1 cached=341x404 cacheCount=6"
[2026-03-25 22:17:43.733] [debug] [:] [PicRecognitionObj.cpp:510:detectFacesInRgba] "Using DNN for face detection"
[2026-03-25 22:17:43.736] [debug] [:] [PicRecognitionObj.cpp:314:detectFacesWithDNN] "Starting DNN face detection, image size: 2400x3200"
[2026-03-25 22:17:43.736] [debug] [:] [PicRecognitionObj.cpp:315:detectFacesWithDNN] "Net is empty: false"
[2026-03-25 22:17:43.737] [debug] [:] [PicRecognitionObj.cpp:323:detectFacesWithDNN] "Blob created with size: 1x3x300x300"
[2026-03-25 22:17:43.748] [debug] [:] [PicRecognitionObj.cpp:334:detectFacesWithDNN] "Successfully got detections using output layer: detection_out, dims: 4"
[2026-03-25 22:17:43.748] [debug] [:] [PicRecognitionObj.cpp:362:detectFacesWithDNN] "Detections matrix dimensions: 4"
[2026-03-25 22:17:43.748] [debug] [:] [PicRecognitionObj.cpp:365:detectFacesWithDNN] "Detected Caffe-style output format: 1x1xNx7, num_detections: 200"
[2026-03-25 22:17:43.748] [debug] [:] [PicRecognitionObj.cpp:386:detectFacesWithDNN] "Converted coordinates: x=568, y=694, w=356, h=413"
[2026-03-25 22:17:43.748] [debug] [:] [PicRecognitionObj.cpp:390:detectFacesWithDNN] "Adding face detection: (568,694)-(924,1107)"
[2026-03-25 22:17:43.748] [debug] [:] [PicRecognitionObj.cpp:479:detectFacesWithDNN] "DNN face detection finished, found 1 faces"
[2026-03-25 22:17:43.748] [debug] [:] [PicRecognitionObj.cpp:517:detectFacesInRgba] "DNN returned 1 faces"
[2026-03-25 22:17:43.755] [debug] [:] [PicRecognitionObj.cpp:291:estimateAge] "Age prediction: range=(4-6), confidence=0.935"
[2026-03-25 22:17:43.755] [debug] [:] [PicRecognitionObj.cpp:669:detectFacesInRgba] "Face detection completed: 1 faces detected for image ID: xiaoxiaoyan_5"
[2026-03-25 22:17:43.755] [debug] [:] [PicRecognitionObj.cpp:674:detectFacesInRgba] "Face 0: x=0.237, y=0.217, width=0.148, height=0.129, confidence=0.961, age=4, face image size: 436x493"
[2026-03-25 22:17:47.132] [debug] [:] [PicMatchViewModel.cpp:81:picCallbackBridge] "picCallbackBridge: handle=1, msg=1, user=0xbba12d900"
[2026-03-25 22:17:47.132] [debug] [:] [PicMatchViewModel.cpp:400:onPlayerCallback] "onPlayerCallback showid: xiaoxiaoyan_5"
[2026-03-25 22:17:47.132] [debug] [:] [FaceImageProvider.cpp:39:setImage] "FaceImageProvider::setImage id=xiaoxiaoyan_5_face_0 size=436x493 version=9 cacheCount=7"
[2026-03-25 22:17:47.132] [debug] [:] [PicMatchModel.cpp:150:facesToVariantList] "facesToVariantList face=xiaoxiaoyan_5_face_0 providerUrl=image://picmatchfaces/xiaoxiaoyan_5_face_0?v=7"
[2026-03-25 22:17:47.132] [debug] [:] [PicMatchViewModel.cpp:412:onPlayerCallback] "onPlayerCallback restored and setList count=1"
[2026-03-25 22:17:47.133] [debug] [:] [FaceImageProvider.cpp:72:requestImage] "FaceImageProvider::requestImage rawId=xiaoxiaoyan_5_face_0?v=7 parsedId=xiaoxiaoyan_5_face_0 hit=true req=-1x-1 cached=436x493 cacheCount=7"
[2026-03-25 22:17:52.138] [info] [:] [main_qml.cpp:61:operator()] "QML: qrc:/qml/SettingsPage.qml (line 143): QML Connections: Implicitly defined onFoo properties in Connections are deprecated. Use this syntax instead: function onFoo(<arguments>) { ... }"
[2026-03-25 22:17:53.282] [info] [:] [StyleManager.cpp:24:applyTheme] "applyTheme: Dark"
[2026-03-25 22:17:53.283] [info] [:] [PicMatchComponent.cpp:142:onThemeChanged] "PicMatchComponent::onThemeChanged - theme: 1"
[2026-03-25 22:17:54.850] [debug] [:] [TranslationManager.cpp:27:beginUiTransition] "TranslationManager: UI transition begin"
[2026-03-25 22:17:54.850] [info] [:] [AppController.cpp:222:setLanguage] "AppController::setLanguage: language = 1"
[2026-03-25 22:17:54.850] [info] [:] [TranslationManager.cpp:49:setLanguage] "TranslationManager::setLanguage: language=1"
[2026-03-25 22:17:54.851] [info] [:] [TranslationManager.cpp:80:applyTranslation] "TranslationManager: main translation loaded, path=/Users/chrisyan/ClientForFrameWork/target/Mac/bin/ClientForFrame.app/Contents/MacOS/translations/clientframe_en_US.qm"
[2026-03-25 22:17:54.851] [debug] [:] [TranslationManager.cpp:101:loadComponentTranslations] "TranslationManager: macOS adjusted appDir=/Users/chrisyan/ClientForFrameWork/target/Mac/bin"
[2026-03-25 22:17:54.851] [info] [:] [TranslationManager.cpp:105:loadComponentTranslations] "TranslationManager: loading component translations from dir=/Users/chrisyan/ClientForFrameWork/target/Mac/bin/Component"
[2026-03-25 22:17:54.851] [debug] [:] [TranslationManager.cpp:115:loadComponentTranslations] "TranslationManager: translation suffix=_en_US.qm"
[2026-03-25 22:17:54.851] [debug] [:] [TranslationManager.cpp:126:loadComponentTranslations] "TranslationManager: trying component translation file=/Users/chrisyan/ClientForFrameWork/target/Mac/bin/Component/PicMatch/meta_info/runtime_info/language/picmatch_en_US.qm"
[2026-03-25 22:17:54.852] [info] [:] [TranslationManager.cpp:132:loadComponentTranslations] "TranslationManager: component translation loaded, file=/Users/chrisyan/ClientForFrameWork/target/Mac/bin/Component/PicMatch/meta_info/runtime_info/language/picmatch_en_US.qm"
[2026-03-25 22:17:54.854] [info] [:] [PicMatchComponent.cpp:154:onLanguageChanged] "PicMatchComponent::onLanguageChanged - language: 1"
[2026-03-25 22:17:54.856] [debug] [:] [TranslationManager.cpp:33:endUiTransition] "TranslationManager: UI transition end"
[2026-03-25 22:17:56.068] [debug] [:] [PlayerHostItem.cpp:204:ensureHostWindowCreated] "PlayerHostItem: host window created, running=false, visible=false"
[2026-03-25 22:17:56.068] [info] [:] [PlayerHostItem.cpp:222:ensureHostWindowCreated] "PlayerHostItem: created QWindow host for OpenGL player (no QWidget embed)"
[2026-03-25 22:17:56.068] [info] [:] [PicMatchModel.cpp:74:initializeImageList] "Initialized image list from \"/Users/chrisyan/ClientForFrameWork/picdata\" with 6 images"
[2026-03-25 22:17:56.068] [info] [:] [PicRecognitionObj.cpp:83:init] "Found DNN config file: /Users/chrisyan/ClientForFrameWork/target/Mac/bin/Component/PicMatch/bin/face_detector/opencv_face_detector.pbtxt"
[2026-03-25 22:17:56.068] [info] [:] [PicRecognitionObj.cpp:95:init] "Found DNN model file: /Users/chrisyan/ClientForFrameWork/target/Mac/bin/Component/PicMatch/bin/face_detector/opencv_face_detector_uint8.pb"
[2026-03-25 22:17:56.083] [info] [:] [PicRecognitionObj.cpp:115:init] "Successfully loaded DNN face detection model"
[2026-03-25 22:17:56.083] [info] [:] [PicRecognitionObj.cpp:183:init] "Found age model config: /Users/chrisyan/ClientForFrameWork/target/Mac/bin/Component/PicMatch/bin/face_detector/age_deploy.prototxt"
[2026-03-25 22:17:56.083] [info] [:] [PicRecognitionObj.cpp:195:init] "Found age model: /Users/chrisyan/ClientForFrameWork/target/Mac/bin/Component/PicMatch/bin/face_detector/age_net.caffemodel"
[2026-03-25 22:17:56.099] [info] [:] [PicRecognitionObj.cpp:207:init] "Successfully loaded age estimation model"
[2026-03-25 22:17:56.099] [info] [:] [PicRecognitionObj.cpp:218:init] "Face recognition initialized successfully, using DNN: true, age estimation: true"
[2026-03-25 22:17:57.603] [info] [:] [PicMatchViewModel.cpp:296:doRegisterWindow] "ViewModel: window registered, handle=1"
[2026-03-25 22:17:57.604] [info] [:] [PicMatchModel.cpp:74:initializeImageList] "Initialized image list from \"/Users/chrisyan/ClientForFrameWork/picdata\" with 6 images"
[2026-03-25 22:17:57.701] [debug] [:] [PicRecognitionObj.cpp:510:detectFacesInRgba] "Using DNN for face detection"
[2026-03-25 22:17:57.704] [debug] [:] [PicRecognitionObj.cpp:314:detectFacesWithDNN] "Starting DNN face detection, image size: 3200x2400"
[2026-03-25 22:17:57.705] [debug] [:] [PicRecognitionObj.cpp:315:detectFacesWithDNN] "Net is empty: false"
[2026-03-25 22:17:57.705] [debug] [:] [PicRecognitionObj.cpp:323:detectFacesWithDNN] "Blob created with size: 1x3x300x300"
[2026-03-25 22:17:57.722] [debug] [:] [PicRecognitionObj.cpp:334:detectFacesWithDNN] "Successfully got detections using output layer: detection_out, dims: 4"
[2026-03-25 22:17:57.722] [debug] [:] [PicRecognitionObj.cpp:362:detectFacesWithDNN] "Detections matrix dimensions: 4"
[2026-03-25 22:17:57.722] [debug] [:] [PicRecognitionObj.cpp:365:detectFacesWithDNN] "Detected Caffe-style output format: 1x1xNx7, num_detections: 200"
[2026-03-25 22:17:57.722] [debug] [:] [PicRecognitionObj.cpp:386:detectFacesWithDNN] "Converted coordinates: x=1178, y=966, w=298, h=326"
[2026-03-25 22:17:57.722] [debug] [:] [PicRecognitionObj.cpp:390:detectFacesWithDNN] "Adding face detection: (1178,966)-(1476,1292)"
[2026-03-25 22:17:57.722] [debug] [:] [PicRecognitionObj.cpp:386:detectFacesWithDNN] "Converted coordinates: x=661, y=612, w=425, h=456"
[2026-03-25 22:17:57.722] [debug] [:] [PicRecognitionObj.cpp:390:detectFacesWithDNN] "Adding face detection: (661,612)-(1086,1068)"
[2026-03-25 22:17:57.722] [debug] [:] [PicRecognitionObj.cpp:479:detectFacesWithDNN] "DNN face detection finished, found 2 faces"
[2026-03-25 22:17:57.722] [debug] [:] [PicRecognitionObj.cpp:517:detectFacesInRgba] "DNN returned 2 faces"
[2026-03-25 22:17:57.733] [debug] [:] [PicRecognitionObj.cpp:291:estimateAge] "Age prediction: range=(4-6), confidence=0.523"
[2026-03-25 22:17:57.739] [debug] [:] [PicRecognitionObj.cpp:291:estimateAge] "Age prediction: range=(15-20), confidence=0.988"
[2026-03-25 22:17:57.739] [debug] [:] [PicRecognitionObj.cpp:669:detectFacesInRgba] "Face detection completed: 2 faces detected for image ID: beauty_20250216152514"
[2026-03-25 22:17:57.739] [debug] [:] [PicRecognitionObj.cpp:674:detectFacesInRgba] "Face 0: x=0.368, y=0.403, width=0.093, height=0.136, confidence=0.968, age=4, face image size: 378x406"
[2026-03-25 22:17:57.739] [debug] [:] [PicRecognitionObj.cpp:674:detectFacesInRgba] "Face 1: x=0.207, y=0.255, width=0.133, height=0.190, confidence=0.966, age=17, face image size: 505x536"
[2026-03-25 22:18:04.115] [debug] [:] [PicMatchViewModel.cpp:81:picCallbackBridge] "picCallbackBridge: handle=1, msg=1, user=0xbb9ca6080"
[2026-03-25 22:18:04.115] [debug] [:] [PicMatchViewModel.cpp:400:onPlayerCallback] "onPlayerCallback showid: beauty_20250216152514"
[2026-03-25 22:18:04.121] [debug] [:] [FaceImageProvider.cpp:39:setImage] "FaceImageProvider::setImage id=beauty_20250216152514_face_0 size=378x406 version=10 cacheCount=7"
[2026-03-25 22:18:04.121] [debug] [:] [PicMatchModel.cpp:150:facesToVariantList] "facesToVariantList face=beauty_20250216152514_face_0 providerUrl=image://picmatchfaces/beauty_20250216152514_face_0?v=8"
[2026-03-25 22:18:04.121] [debug] [:] [FaceImageProvider.cpp:39:setImage] "FaceImageProvider::setImage id=beauty_20250216152514_face_1 size=505x536 version=11 cacheCount=7"
[2026-03-25 22:18:04.121] [debug] [:] [PicMatchModel.cpp:150:facesToVariantList] "facesToVariantList face=beauty_20250216152514_face_1 providerUrl=image://picmatchfaces/beauty_20250216152514_face_1?v=8"
[2026-03-25 22:18:04.122] [debug] [:] [FaceImageProvider.cpp:72:requestImage] "FaceImageProvider::requestImage rawId=beauty_20250216152514_face_0?v=8 parsedId=beauty_20250216152514_face_0 hit=true req=-1x-1 cached=378x406 cacheCount=7"
[2026-03-25 22:18:04.122] [debug] [:] [FaceImageProvider.cpp:72:requestImage] "FaceImageProvider::requestImage rawId=beauty_20250216152514_face_1?v=8 parsedId=beauty_20250216152514_face_1 hit=true req=-1x-1 cached=505x536 cacheCount=7"
[2026-03-25 22:18:04.122] [debug] [:] [PicMatchViewModel.cpp:412:onPlayerCallback] "onPlayerCallback restored and setList count=2"
[2026-03-25 22:18:04.144] [debug] [:] [PicRecognitionObj.cpp:510:detectFacesInRgba] "Using DNN for face detection"
[2026-03-25 22:18:04.145] [debug] [:] [PicRecognitionObj.cpp:314:detectFacesWithDNN] "Starting DNN face detection, image size: 1279x1706"
[2026-03-25 22:18:04.145] [debug] [:] [PicRecognitionObj.cpp:315:detectFacesWithDNN] "Net is empty: false"
[2026-03-25 22:18:04.146] [debug] [:] [PicRecognitionObj.cpp:323:detectFacesWithDNN] "Blob created with size: 1x3x300x300"
[2026-03-25 22:18:04.156] [debug] [:] [PicRecognitionObj.cpp:334:detectFacesWithDNN] "Successfully got detections using output layer: detection_out, dims: 4"
[2026-03-25 22:18:04.156] [debug] [:] [PicRecognitionObj.cpp:362:detectFacesWithDNN] "Detections matrix dimensions: 4"
[2026-03-25 22:18:04.156] [debug] [:] [PicRecognitionObj.cpp:365:detectFacesWithDNN] "Detected Caffe-style output format: 1x1xNx7, num_detections: 200"
[2026-03-25 22:18:04.156] [debug] [:] [PicRecognitionObj.cpp:386:detectFacesWithDNN] "Converted coordinates: x=667, y=453, w=129, h=154"
[2026-03-25 22:18:04.156] [debug] [:] [PicRecognitionObj.cpp:390:detectFacesWithDNN] "Adding face detection: (667,453)-(796,607)"
[2026-03-25 22:18:04.156] [debug] [:] [PicRecognitionObj.cpp:479:detectFacesWithDNN] "DNN face detection finished, found 1 faces"
[2026-03-25 22:18:04.156] [debug] [:] [PicRecognitionObj.cpp:517:detectFacesInRgba] "DNN returned 1 faces"
[2026-03-25 22:18:04.162] [debug] [:] [PicRecognitionObj.cpp:291:estimateAge] "Age prediction: range=(15-20), confidence=0.520"
[2026-03-25 22:18:04.162] [debug] [:] [PicRecognitionObj.cpp:669:detectFacesInRgba] "Face detection completed: 1 faces detected for image ID: xiaoxiaoyan_1"
[2026-03-25 22:18:04.162] [debug] [:] [PicRecognitionObj.cpp:674:detectFacesInRgba] "Face 0: x=0.522, y=0.266, width=0.101, height=0.090, confidence=0.959, age=17, face image size: 209x234"
[2026-03-25 22:18:07.664] [debug] [:] [PicMatchViewModel.cpp:81:picCallbackBridge] "picCallbackBridge: handle=1, msg=1, user=0xbb9ca6080"
[2026-03-25 22:18:07.665] [debug] [:] [PicMatchViewModel.cpp:400:onPlayerCallback] "onPlayerCallback showid: xiaoxiaoyan_1"
[2026-03-25 22:18:07.665] [debug] [:] [FaceImageProvider.cpp:39:setImage] "FaceImageProvider::setImage id=xiaoxiaoyan_1_face_0 size=209x234 version=12 cacheCount=7"
[2026-03-25 22:18:07.665] [debug] [:] [PicMatchModel.cpp:150:facesToVariantList] "facesToVariantList face=xiaoxiaoyan_1_face_0 providerUrl=image://picmatchfaces/xiaoxiaoyan_1_face_0?v=9"
[2026-03-25 22:18:07.666] [debug] [:] [PicMatchViewModel.cpp:412:onPlayerCallback] "onPlayerCallback restored and setList count=1"
[2026-03-25 22:18:07.666] [debug] [:] [FaceImageProvider.cpp:72:requestImage] "FaceImageProvider::requestImage rawId=xiaoxiaoyan_1_face_0?v=9 parsedId=xiaoxiaoyan_1_face_0 hit=true req=-1x-1 cached=209x234 cacheCount=7"
[2026-03-25 22:18:07.678] [debug] [:] [PicRecognitionObj.cpp:510:detectFacesInRgba] "Using DNN for face detection"
[2026-03-25 22:18:07.678] [debug] [:] [PicRecognitionObj.cpp:314:detectFacesWithDNN] "Starting DNN face detection, image size: 960x1282"
[2026-03-25 22:18:07.678] [debug] [:] [PicRecognitionObj.cpp:315:detectFacesWithDNN] "Net is empty: false"
[2026-03-25 22:18:07.679] [debug] [:] [PicRecognitionObj.cpp:323:detectFacesWithDNN] "Blob created with size: 1x3x300x300"
[2026-03-25 22:18:07.690] [debug] [:] [PicRecognitionObj.cpp:334:detectFacesWithDNN] "Successfully got detections using output layer: detection_out, dims: 4"
[2026-03-25 22:18:07.690] [debug] [:] [PicRecognitionObj.cpp:362:detectFacesWithDNN] "Detections matrix dimensions: 4"
[2026-03-25 22:18:07.690] [debug] [:] [PicRecognitionObj.cpp:365:detectFacesWithDNN] "Detected Caffe-style output format: 1x1xNx7, num_detections: 200"
[2026-03-25 22:18:07.690] [debug] [:] [PicRecognitionObj.cpp:386:detectFacesWithDNN] "Converted coordinates: x=250, y=199, w=350, h=373"
[2026-03-25 22:18:07.690] [debug] [:] [PicRecognitionObj.cpp:390:detectFacesWithDNN] "Adding face detection: (250,199)-(600,572)"
[2026-03-25 22:18:07.690] [debug] [:] [PicRecognitionObj.cpp:479:detectFacesWithDNN] "DNN face detection finished, found 1 faces"
[2026-03-25 22:18:07.690] [debug] [:] [PicRecognitionObj.cpp:517:detectFacesInRgba] "DNN returned 1 faces"
[2026-03-25 22:18:07.695] [debug] [:] [PicRecognitionObj.cpp:291:estimateAge] "Age prediction: range=(0-2), confidence=0.681"
[2026-03-25 22:18:07.695] [debug] [:] [PicRecognitionObj.cpp:669:detectFacesInRgba] "Face detection completed: 1 faces detected for image ID: xiaoxiaoyan_2"
[2026-03-25 22:18:07.695] [debug] [:] [PicRecognitionObj.cpp:674:detectFacesInRgba] "Face 0: x=0.260, y=0.155, width=0.365, height=0.291, confidence=0.948, age=1, face image size: 430x453"
[2026-03-25 22:18:10.648] [debug] [:] [PicMatchViewModel.cpp:81:picCallbackBridge] "picCallbackBridge: handle=1, msg=1, user=0xbb9ca6080"
[2026-03-25 22:18:10.648] [debug] [:] [PicMatchViewModel.cpp:400:onPlayerCallback] "onPlayerCallback showid: xiaoxiaoyan_2"
[2026-03-25 22:18:10.648] [debug] [:] [FaceImageProvider.cpp:39:setImage] "FaceImageProvider::setImage id=xiaoxiaoyan_2_face_0 size=430x453 version=13 cacheCount=7"
[2026-03-25 22:18:10.649] [debug] [:] [PicMatchModel.cpp:150:facesToVariantList] "facesToVariantList face=xiaoxiaoyan_2_face_0 providerUrl=image://picmatchfaces/xiaoxiaoyan_2_face_0?v=10"
[2026-03-25 22:18:10.650] [debug] [:] [FaceImageProvider.cpp:72:requestImage] "FaceImageProvider::requestImage rawId=xiaoxiaoyan_2_face_0?v=10 parsedId=xiaoxiaoyan_2_face_0 hit=true req=-1x-1 cached=430x453 cacheCount=7"
[2026-03-25 22:18:10.650] [debug] [:] [PicMatchViewModel.cpp:412:onPlayerCallback] "onPlayerCallback restored and setList count=1"
[2026-03-25 22:18:10.672] [debug] [:] [PicRecognitionObj.cpp:510:detectFacesInRgba] "Using DNN for face detection"
[2026-03-25 22:18:10.673] [debug] [:] [PicRecognitionObj.cpp:314:detectFacesWithDNN] "Starting DNN face detection, image size: 1279x1706"
[2026-03-25 22:18:10.673] [debug] [:] [PicRecognitionObj.cpp:315:detectFacesWithDNN] "Net is empty: false"
[2026-03-25 22:18:10.673] [debug] [:] [PicRecognitionObj.cpp:323:detectFacesWithDNN] "Blob created with size: 1x3x300x300"
[2026-03-25 22:18:10.683] [debug] [:] [PicRecognitionObj.cpp:334:detectFacesWithDNN] "Successfully got detections using output layer: detection_out, dims: 4"
[2026-03-25 22:18:10.683] [debug] [:] [PicRecognitionObj.cpp:362:detectFacesWithDNN] "Detections matrix dimensions: 4"
[2026-03-25 22:18:10.683] [debug] [:] [PicRecognitionObj.cpp:365:detectFacesWithDNN] "Detected Caffe-style output format: 1x1xNx7, num_detections: 200"
[2026-03-25 22:18:10.683] [debug] [:] [PicRecognitionObj.cpp:386:detectFacesWithDNN] "Converted coordinates: x=612, y=449, w=167, h=188"
[2026-03-25 22:18:10.683] [debug] [:] [PicRecognitionObj.cpp:390:detectFacesWithDNN] "Adding face detection: (612,449)-(779,637)"
[2026-03-25 22:18:10.683] [debug] [:] [PicRecognitionObj.cpp:479:detectFacesWithDNN] "DNN face detection finished, found 1 faces"
[2026-03-25 22:18:10.683] [debug] [:] [PicRecognitionObj.cpp:517:detectFacesInRgba] "DNN returned 1 faces"
[2026-03-25 22:18:10.689] [debug] [:] [PicRecognitionObj.cpp:291:estimateAge] "Age prediction: range=(4-6), confidence=0.767"
[2026-03-25 22:18:10.689] [debug] [:] [PicRecognitionObj.cpp:669:detectFacesInRgba] "Face detection completed: 1 faces detected for image ID: xiaoxiaoyan_3"
[2026-03-25 22:18:10.689] [debug] [:] [PicRecognitionObj.cpp:674:detectFacesInRgba] "Face 0: x=0.478, y=0.263, width=0.131, height=0.110, confidence=0.964, age=4, face image size: 247x268"
[2026-03-25 22:18:13.931] [debug] [:] [PicMatchViewModel.cpp:81:picCallbackBridge] "picCallbackBridge: handle=1, msg=1, user=0xbb9ca6080"
[2026-03-25 22:18:13.931] [debug] [:] [PicMatchViewModel.cpp:400:onPlayerCallback] "onPlayerCallback showid: xiaoxiaoyan_3"
[2026-03-25 22:18:13.931] [debug] [:] [FaceImageProvider.cpp:39:setImage] "FaceImageProvider::setImage id=xiaoxiaoyan_3_face_0 size=247x268 version=14 cacheCount=7"
[2026-03-25 22:18:13.931] [debug] [:] [PicMatchModel.cpp:150:facesToVariantList] "facesToVariantList face=xiaoxiaoyan_3_face_0 providerUrl=image://picmatchfaces/xiaoxiaoyan_3_face_0?v=11"
[2026-03-25 22:18:13.932] [debug] [:] [FaceImageProvider.cpp:72:requestImage] "FaceImageProvider::requestImage rawId=xiaoxiaoyan_3_face_0?v=11 parsedId=xiaoxiaoyan_3_face_0 hit=true req=-1x-1 cached=247x268 cacheCount=7"
[2026-03-25 22:18:13.932] [debug] [:] [PicMatchViewModel.cpp:412:onPlayerCallback] "onPlayerCallback restored and setList count=1"
[2026-03-25 22:18:14.003] [debug] [:] [PicRecognitionObj.cpp:510:detectFacesInRgba] "Using DNN for face detection"
[2026-03-25 22:18:14.007] [debug] [:] [PicRecognitionObj.cpp:314:detectFacesWithDNN] "Starting DNN face detection, image size: 2736x3648"
[2026-03-25 22:18:14.008] [debug] [:] [PicRecognitionObj.cpp:315:detectFacesWithDNN] "Net is empty: false"
[2026-03-25 22:18:14.008] [debug] [:] [PicRecognitionObj.cpp:323:detectFacesWithDNN] "Blob created with size: 1x3x300x300"
[2026-03-25 22:18:14.018] [debug] [:] [PicRecognitionObj.cpp:334:detectFacesWithDNN] "Successfully got detections using output layer: detection_out, dims: 4"
[2026-03-25 22:18:14.018] [debug] [:] [PicRecognitionObj.cpp:362:detectFacesWithDNN] "Detections matrix dimensions: 4"
[2026-03-25 22:18:14.018] [debug] [:] [PicRecognitionObj.cpp:365:detectFacesWithDNN] "Detected Caffe-style output format: 1x1xNx7, num_detections: 200"
[2026-03-25 22:18:14.018] [debug] [:] [PicRecognitionObj.cpp:386:detectFacesWithDNN] "Converted coordinates: x=1135, y=2014, w=261, h=324"
[2026-03-25 22:18:14.018] [debug] [:] [PicRecognitionObj.cpp:390:detectFacesWithDNN] "Adding face detection: (1135,2014)-(1396,2338)"
[2026-03-25 22:18:14.018] [debug] [:] [PicRecognitionObj.cpp:479:detectFacesWithDNN] "DNN face detection finished, found 1 faces"
[2026-03-25 22:18:14.018] [debug] [:] [PicRecognitionObj.cpp:517:detectFacesInRgba] "DNN returned 1 faces"
[2026-03-25 22:18:14.023] [debug] [:] [PicRecognitionObj.cpp:291:estimateAge] "Age prediction: range=(0-2), confidence=0.516"
[2026-03-25 22:18:14.023] [debug] [:] [PicRecognitionObj.cpp:669:detectFacesInRgba] "Face detection completed: 1 faces detected for image ID: xiaoxiaoyan_4"
[2026-03-25 22:18:14.023] [debug] [:] [PicRecognitionObj.cpp:674:detectFacesInRgba] "Face 0: x=0.415, y=0.552, width=0.095, height=0.089, confidence=0.965, age=1, face image size: 341x404"
[2026-03-25 22:18:17.614] [debug] [:] [PicMatchViewModel.cpp:81:picCallbackBridge] "picCallbackBridge: handle=1, msg=1, user=0xbb9ca6080"
[2026-03-25 22:18:17.614] [debug] [:] [PicMatchViewModel.cpp:400:onPlayerCallback] "onPlayerCallback showid: xiaoxiaoyan_4"
[2026-03-25 22:18:17.614] [debug] [:] [FaceImageProvider.cpp:39:setImage] "FaceImageProvider::setImage id=xiaoxiaoyan_4_face_0 size=341x404 version=15 cacheCount=7"
[2026-03-25 22:18:17.614] [debug] [:] [PicMatchModel.cpp:150:facesToVariantList] "facesToVariantList face=xiaoxiaoyan_4_face_0 providerUrl=image://picmatchfaces/xiaoxiaoyan_4_face_0?v=12"
[2026-03-25 22:18:17.615] [debug] [:] [FaceImageProvider.cpp:72:requestImage] "FaceImageProvider::requestImage rawId=xiaoxiaoyan_4_face_0?v=12 parsedId=xiaoxiaoyan_4_face_0 hit=true req=-1x-1 cached=341x404 cacheCount=7"
[2026-03-25 22:18:17.615] [debug] [:] [PicMatchViewModel.cpp:412:onPlayerCallback] "onPlayerCallback restored and setList count=1"
[2026-03-25 22:18:17.690] [debug] [:] [PicRecognitionObj.cpp:510:detectFacesInRgba] "Using DNN for face detection"
[2026-03-25 22:18:17.692] [debug] [:] [PicRecognitionObj.cpp:314:detectFacesWithDNN] "Starting DNN face detection, image size: 2400x3200"
[2026-03-25 22:18:17.692] [debug] [:] [PicRecognitionObj.cpp:315:detectFacesWithDNN] "Net is empty: false"
[2026-03-25 22:18:17.693] [debug] [:] [PicRecognitionObj.cpp:323:detectFacesWithDNN] "Blob created with size: 1x3x300x300"
[2026-03-25 22:18:17.703] [debug] [:] [PicRecognitionObj.cpp:334:detectFacesWithDNN] "Successfully got detections using output layer: detection_out, dims: 4"
[2026-03-25 22:18:17.703] [debug] [:] [PicRecognitionObj.cpp:362:detectFacesWithDNN] "Detections matrix dimensions: 4"
[2026-03-25 22:18:17.703] [debug] [:] [PicRecognitionObj.cpp:365:detectFacesWithDNN] "Detected Caffe-style output format: 1x1xNx7, num_detections: 200"
[2026-03-25 22:18:17.703] [debug] [:] [PicRecognitionObj.cpp:386:detectFacesWithDNN] "Converted coordinates: x=568, y=694, w=356, h=413"
[2026-03-25 22:18:17.703] [debug] [:] [PicRecognitionObj.cpp:390:detectFacesWithDNN] "Adding face detection: (568,694)-(924,1107)"
[2026-03-25 22:18:17.703] [debug] [:] [PicRecognitionObj.cpp:479:detectFacesWithDNN] "DNN face detection finished, found 1 faces"
[2026-03-25 22:18:17.703] [debug] [:] [PicRecognitionObj.cpp:517:detectFacesInRgba] "DNN returned 1 faces"
[2026-03-25 22:18:17.708] [debug] [:] [PicRecognitionObj.cpp:291:estimateAge] "Age prediction: range=(4-6), confidence=0.935"
[2026-03-25 22:18:17.708] [debug] [:] [PicRecognitionObj.cpp:669:detectFacesInRgba] "Face detection completed: 1 faces detected for image ID: xiaoxiaoyan_5"
[2026-03-25 22:18:17.708] [debug] [:] [PicRecognitionObj.cpp:674:detectFacesInRgba] "Face 0: x=0.237, y=0.217, width=0.148, height=0.129, confidence=0.961, age=4, face image size: 436x493"
[2026-03-25 22:18:20.998] [debug] [:] [PicMatchViewModel.cpp:81:picCallbackBridge] "picCallbackBridge: handle=1, msg=1, user=0xbb9ca6080"
[2026-03-25 22:18:20.998] [debug] [:] [PicMatchViewModel.cpp:400:onPlayerCallback] "onPlayerCallback showid: xiaoxiaoyan_5"
[2026-03-25 22:18:20.998] [debug] [:] [FaceImageProvider.cpp:39:setImage] "FaceImageProvider::setImage id=xiaoxiaoyan_5_face_0 size=436x493 version=16 cacheCount=7"
[2026-03-25 22:18:20.998] [debug] [:] [PicMatchModel.cpp:150:facesToVariantList] "facesToVariantList face=xiaoxiaoyan_5_face_0 providerUrl=image://picmatchfaces/xiaoxiaoyan_5_face_0?v=13"
[2026-03-25 22:18:21.000] [debug] [:] [FaceImageProvider.cpp:72:requestImage] "FaceImageProvider::requestImage rawId=xiaoxiaoyan_5_face_0?v=13 parsedId=xiaoxiaoyan_5_face_0 hit=true req=-1x-1 cached=436x493 cacheCount=7"
[2026-03-25 22:18:21.000] [debug] [:] [PicMatchViewModel.cpp:412:onPlayerCallback] "onPlayerCallback restored and setList count=1"
[2026-03-25 22:18:23.034] [info] [:] [PicMatchViewModel.cpp:296:doRegisterWindow] "ViewModel: window registered, handle=1"
[2026-03-25 22:18:23.034] [info] [:] [PicMatchModel.cpp:74:initializeImageList] "Initialized image list from \"/Users/chrisyan/ClientForFrameWork/picdata\" with 6 images"
[2026-03-25 22:18:23.131] [debug] [:] [PicRecognitionObj.cpp:510:detectFacesInRgba] "Using DNN for face detection"
[2026-03-25 22:18:23.133] [debug] [:] [PicRecognitionObj.cpp:314:detectFacesWithDNN] "Starting DNN face detection, image size: 3200x2400"
[2026-03-25 22:18:23.133] [debug] [:] [PicRecognitionObj.cpp:315:detectFacesWithDNN] "Net is empty: false"
[2026-03-25 22:18:23.134] [debug] [:] [PicRecognitionObj.cpp:323:detectFacesWithDNN] "Blob created with size: 1x3x300x300"
[2026-03-25 22:18:23.144] [debug] [:] [PicRecognitionObj.cpp:334:detectFacesWithDNN] "Successfully got detections using output layer: detection_out, dims: 4"
[2026-03-25 22:18:23.144] [debug] [:] [PicRecognitionObj.cpp:362:detectFacesWithDNN] "Detections matrix dimensions: 4"
[2026-03-25 22:18:23.144] [debug] [:] [PicRecognitionObj.cpp:365:detectFacesWithDNN] "Detected Caffe-style output format: 1x1xNx7, num_detections: 200"
[2026-03-25 22:18:23.144] [debug] [:] [PicRecognitionObj.cpp:386:detectFacesWithDNN] "Converted coordinates: x=1178, y=966, w=298, h=326"
[2026-03-25 22:18:23.144] [debug] [:] [PicRecognitionObj.cpp:390:detectFacesWithDNN] "Adding face detection: (1178,966)-(1476,1292)"
[2026-03-25 22:18:23.144] [debug] [:] [PicRecognitionObj.cpp:386:detectFacesWithDNN] "Converted coordinates: x=661, y=612, w=425, h=456"
[2026-03-25 22:18:23.144] [debug] [:] [PicRecognitionObj.cpp:390:detectFacesWithDNN] "Adding face detection: (661,612)-(1086,1068)"
[2026-03-25 22:18:23.144] [debug] [:] [PicRecognitionObj.cpp:479:detectFacesWithDNN] "DNN face detection finished, found 2 faces"
[2026-03-25 22:18:23.144] [debug] [:] [PicRecognitionObj.cpp:517:detectFacesInRgba] "DNN returned 2 faces"
[2026-03-25 22:18:23.149] [debug] [:] [PicRecognitionObj.cpp:291:estimateAge] "Age prediction: range=(4-6), confidence=0.523"
[2026-03-25 22:18:23.155] [debug] [:] [PicRecognitionObj.cpp:291:estimateAge] "Age prediction: range=(15-20), confidence=0.988"
[2026-03-25 22:18:23.156] [debug] [:] [PicRecognitionObj.cpp:669:detectFacesInRgba] "Face detection completed: 2 faces detected for image ID: beauty_20250216152514"
[2026-03-25 22:18:23.156] [debug] [:] [PicRecognitionObj.cpp:674:detectFacesInRgba] "Face 0: x=0.368, y=0.403, width=0.093, height=0.136, confidence=0.968, age=4, face image size: 378x406"
[2026-03-25 22:18:23.156] [debug] [:] [PicRecognitionObj.cpp:674:detectFacesInRgba] "Face 1: x=0.207, y=0.255, width=0.133, height=0.190, confidence=0.966, age=17, face image size: 505x536"
[2026-03-25 22:18:29.401] [debug] [:] [PicMatchViewModel.cpp:81:picCallbackBridge] "picCallbackBridge: handle=1, msg=1, user=0xbb9ca6080"
[2026-03-25 22:18:29.401] [debug] [:] [PicMatchViewModel.cpp:400:onPlayerCallback] "onPlayerCallback showid: beauty_20250216152514"
[2026-03-25 22:18:29.404] [debug] [:] [FaceImageProvider.cpp:39:setImage] "FaceImageProvider::setImage id=beauty_20250216152514_face_0 size=378x406 version=17 cacheCount=7"
[2026-03-25 22:18:29.404] [debug] [:] [PicMatchModel.cpp:150:facesToVariantList] "facesToVariantList face=beauty_20250216152514_face_0 providerUrl=image://picmatchfaces/beauty_20250216152514_face_0?v=14"
[2026-03-25 22:18:29.404] [debug] [:] [FaceImageProvider.cpp:39:setImage] "FaceImageProvider::setImage id=beauty_20250216152514_face_1 size=505x536 version=18 cacheCount=7"
[2026-03-25 22:18:29.404] [debug] [:] [PicMatchModel.cpp:150:facesToVariantList] "facesToVariantList face=beauty_20250216152514_face_1 providerUrl=image://picmatchfaces/beauty_20250216152514_face_1?v=14"
[2026-03-25 22:18:29.405] [debug] [:] [FaceImageProvider.cpp:72:requestImage] "FaceImageProvider::requestImage rawId=beauty_20250216152514_face_0?v=14 parsedId=beauty_20250216152514_face_0 hit=true req=-1x-1 cached=378x406 cacheCount=7"
[2026-03-25 22:18:29.405] [debug] [:] [FaceImageProvider.cpp:72:requestImage] "FaceImageProvider::requestImage rawId=beauty_20250216152514_face_1?v=14 parsedId=beauty_20250216152514_face_1 hit=true req=-1x-1 cached=505x536 cacheCount=7"
[2026-03-25 22:18:29.405] [debug] [:] [PicMatchViewModel.cpp:412:onPlayerCallback] "onPlayerCallback restored and setList count=2"
[2026-03-25 22:18:29.427] [debug] [:] [PicRecognitionObj.cpp:510:detectFacesInRgba] "Using DNN for face detection"
[2026-03-25 22:18:29.428] [debug] [:] [PicRecognitionObj.cpp:314:detectFacesWithDNN] "Starting DNN face detection, image size: 1279x1706"
[2026-03-25 22:18:29.428] [debug] [:] [PicRecognitionObj.cpp:315:detectFacesWithDNN] "Net is empty: false"
[2026-03-25 22:18:29.429] [debug] [:] [PicRecognitionObj.cpp:323:detectFacesWithDNN] "Blob created with size: 1x3x300x300"
[2026-03-25 22:18:29.440] [debug] [:] [PicRecognitionObj.cpp:334:detectFacesWithDNN] "Successfully got detections using output layer: detection_out, dims: 4"
[2026-03-25 22:18:29.440] [debug] [:] [PicRecognitionObj.cpp:362:detectFacesWithDNN] "Detections matrix dimensions: 4"
[2026-03-25 22:18:29.440] [debug] [:] [PicRecognitionObj.cpp:365:detectFacesWithDNN] "Detected Caffe-style output format: 1x1xNx7, num_detections: 200"
[2026-03-25 22:18:29.440] [debug] [:] [PicRecognitionObj.cpp:386:detectFacesWithDNN] "Converted coordinates: x=667, y=453, w=129, h=154"
[2026-03-25 22:18:29.440] [debug] [:] [PicRecognitionObj.cpp:390:detectFacesWithDNN] "Adding face detection: (667,453)-(796,607)"
[2026-03-25 22:18:29.440] [debug] [:] [PicRecognitionObj.cpp:479:detectFacesWithDNN] "DNN face detection finished, found 1 faces"
[2026-03-25 22:18:29.440] [debug] [:] [PicRecognitionObj.cpp:517:detectFacesInRgba] "DNN returned 1 faces"
[2026-03-25 22:18:29.446] [debug] [:] [PicRecognitionObj.cpp:291:estimateAge] "Age prediction: range=(15-20), confidence=0.520"
[2026-03-25 22:18:29.446] [debug] [:] [PicRecognitionObj.cpp:669:detectFacesInRgba] "Face detection completed: 1 faces detected for image ID: xiaoxiaoyan_1"
[2026-03-25 22:18:29.446] [debug] [:] [PicRecognitionObj.cpp:674:detectFacesInRgba] "Face 0: x=0.522, y=0.266, width=0.101, height=0.090, confidence=0.959, age=17, face image size: 209x234"
[2026-03-25 22:18:32.564] [debug] [:] [PicMatchViewModel.cpp:81:picCallbackBridge] "picCallbackBridge: handle=1, msg=1, user=0xbb9ca6080"
[2026-03-25 22:18:32.564] [debug] [:] [PicMatchViewModel.cpp:400:onPlayerCallback] "onPlayerCallback showid: xiaoxiaoyan_1"
[2026-03-25 22:18:32.564] [debug] [:] [FaceImageProvider.cpp:39:setImage] "FaceImageProvider::setImage id=xiaoxiaoyan_1_face_0 size=209x234 version=19 cacheCount=7"
[2026-03-25 22:18:32.564] [debug] [:] [PicMatchModel.cpp:150:facesToVariantList] "facesToVariantList face=xiaoxiaoyan_1_face_0 providerUrl=image://picmatchfaces/xiaoxiaoyan_1_face_0?v=15"
[2026-03-25 22:18:32.565] [debug] [:] [FaceImageProvider.cpp:72:requestImage] "FaceImageProvider::requestImage rawId=xiaoxiaoyan_1_face_0?v=15 parsedId=xiaoxiaoyan_1_face_0 hit=true req=-1x-1 cached=209x234 cacheCount=7"
[2026-03-25 22:18:32.566] [debug] [:] [PicMatchViewModel.cpp:412:onPlayerCallback] "onPlayerCallback restored and setList count=1"
[2026-03-25 22:18:32.578] [debug] [:] [PicRecognitionObj.cpp:510:detectFacesInRgba] "Using DNN for face detection"
[2026-03-25 22:18:32.579] [debug] [:] [PicRecognitionObj.cpp:314:detectFacesWithDNN] "Starting DNN face detection, image size: 960x1282"
[2026-03-25 22:18:32.579] [debug] [:] [PicRecognitionObj.cpp:315:detectFacesWithDNN] "Net is empty: false"
[2026-03-25 22:18:32.580] [debug] [:] [PicRecognitionObj.cpp:323:detectFacesWithDNN] "Blob created with size: 1x3x300x300"
[2026-03-25 22:18:32.590] [debug] [:] [PicRecognitionObj.cpp:334:detectFacesWithDNN] "Successfully got detections using output layer: detection_out, dims: 4"
[2026-03-25 22:18:32.590] [debug] [:] [PicRecognitionObj.cpp:362:detectFacesWithDNN] "Detections matrix dimensions: 4"
[2026-03-25 22:18:32.590] [debug] [:] [PicRecognitionObj.cpp:365:detectFacesWithDNN] "Detected Caffe-style output format: 1x1xNx7, num_detections: 200"
[2026-03-25 22:18:32.590] [debug] [:] [PicRecognitionObj.cpp:386:detectFacesWithDNN] "Converted coordinates: x=250, y=199, w=350, h=373"
[2026-03-25 22:18:32.590] [debug] [:] [PicRecognitionObj.cpp:390:detectFacesWithDNN] "Adding face detection: (250,199)-(600,572)"
[2026-03-25 22:18:32.590] [debug] [:] [PicRecognitionObj.cpp:479:detectFacesWithDNN] "DNN face detection finished, found 1 faces"
[2026-03-25 22:18:32.591] [debug] [:] [PicRecognitionObj.cpp:517:detectFacesInRgba] "DNN returned 1 faces"
[2026-03-25 22:18:32.596] [debug] [:] [PicRecognitionObj.cpp:291:estimateAge] "Age prediction: range=(0-2), confidence=0.681"
[2026-03-25 22:18:32.596] [debug] [:] [PicRecognitionObj.cpp:669:detectFacesInRgba] "Face detection completed: 1 faces detected for image ID: xiaoxiaoyan_2"
[2026-03-25 22:18:32.596] [debug] [:] [PicRecognitionObj.cpp:674:detectFacesInRgba] "Face 0: x=0.260, y=0.155, width=0.365, height=0.291, confidence=0.948, age=1, face image size: 430x453"
[2026-03-25 22:18:35.901] [debug] [:] [PicMatchViewModel.cpp:81:picCallbackBridge] "picCallbackBridge: handle=1, msg=1, user=0xbb9ca6080"
[2026-03-25 22:18:35.901] [debug] [:] [PicMatchViewModel.cpp:400:onPlayerCallback] "onPlayerCallback showid: xiaoxiaoyan_2"
[2026-03-25 22:18:35.901] [debug] [:] [FaceImageProvider.cpp:39:setImage] "FaceImageProvider::setImage id=xiaoxiaoyan_2_face_0 size=430x453 version=20 cacheCount=7"
[2026-03-25 22:18:35.901] [debug] [:] [PicMatchModel.cpp:150:facesToVariantList] "facesToVariantList face=xiaoxiaoyan_2_face_0 providerUrl=image://picmatchfaces/xiaoxiaoyan_2_face_0?v=16"
[2026-03-25 22:18:35.903] [debug] [:] [FaceImageProvider.cpp:72:requestImage] "FaceImageProvider::requestImage rawId=xiaoxiaoyan_2_face_0?v=16 parsedId=xiaoxiaoyan_2_face_0 hit=true req=-1x-1 cached=430x453 cacheCount=7"
[2026-03-25 22:18:35.903] [debug] [:] [PicMatchViewModel.cpp:412:onPlayerCallback] "onPlayerCallback restored and setList count=1"
[2026-03-25 22:18:35.925] [debug] [:] [PicRecognitionObj.cpp:510:detectFacesInRgba] "Using DNN for face detection"
[2026-03-25 22:18:35.925] [debug] [:] [PicRecognitionObj.cpp:314:detectFacesWithDNN] "Starting DNN face detection, image size: 1279x1706"
[2026-03-25 22:18:35.925] [debug] [:] [PicRecognitionObj.cpp:315:detectFacesWithDNN] "Net is empty: false"
[2026-03-25 22:18:35.926] [debug] [:] [PicRecognitionObj.cpp:323:detectFacesWithDNN] "Blob created with size: 1x3x300x300"
[2026-03-25 22:18:35.936] [debug] [:] [PicRecognitionObj.cpp:334:detectFacesWithDNN] "Successfully got detections using output layer: detection_out, dims: 4"
[2026-03-25 22:18:35.936] [debug] [:] [PicRecognitionObj.cpp:362:detectFacesWithDNN] "Detections matrix dimensions: 4"
[2026-03-25 22:18:35.936] [debug] [:] [PicRecognitionObj.cpp:365:detectFacesWithDNN] "Detected Caffe-style output format: 1x1xNx7, num_detections: 200"
[2026-03-25 22:18:35.936] [debug] [:] [PicRecognitionObj.cpp:386:detectFacesWithDNN] "Converted coordinates: x=612, y=449, w=167, h=188"
[2026-03-25 22:18:35.936] [debug] [:] [PicRecognitionObj.cpp:390:detectFacesWithDNN] "Adding face detection: (612,449)-(779,637)"
[2026-03-25 22:18:35.936] [debug] [:] [PicRecognitionObj.cpp:479:detectFacesWithDNN] "DNN face detection finished, found 1 faces"
[2026-03-25 22:18:35.936] [debug] [:] [PicRecognitionObj.cpp:517:detectFacesInRgba] "DNN returned 1 faces"
[2026-03-25 22:18:35.942] [debug] [:] [PicRecognitionObj.cpp:291:estimateAge] "Age prediction: range=(4-6), confidence=0.767"
[2026-03-25 22:18:35.942] [debug] [:] [PicRecognitionObj.cpp:669:detectFacesInRgba] "Face detection completed: 1 faces detected for image ID: xiaoxiaoyan_3"
[2026-03-25 22:18:35.942] [debug] [:] [PicRecognitionObj.cpp:674:detectFacesInRgba] "Face 0: x=0.478, y=0.263, width=0.131, height=0.110, confidence=0.964, age=4, face image size: 247x268"
[2026-03-25 22:18:39.000] [debug] [:] [PicMatchViewModel.cpp:81:picCallbackBridge] "picCallbackBridge: handle=1, msg=1, user=0xbb9ca6080"
[2026-03-25 22:18:39.000] [debug] [:] [PicMatchViewModel.cpp:400:onPlayerCallback] "onPlayerCallback showid: xiaoxiaoyan_3"
[2026-03-25 22:18:39.000] [debug] [:] [FaceImageProvider.cpp:39:setImage] "FaceImageProvider::setImage id=xiaoxiaoyan_3_face_0 size=247x268 version=21 cacheCount=7"
[2026-03-25 22:18:39.000] [debug] [:] [PicMatchModel.cpp:150:facesToVariantList] "facesToVariantList face=xiaoxiaoyan_3_face_0 providerUrl=image://picmatchfaces/xiaoxiaoyan_3_face_0?v=17"
[2026-03-25 22:18:39.001] [debug] [:] [PicMatchViewModel.cpp:412:onPlayerCallback] "onPlayerCallback restored and setList count=1"
[2026-03-25 22:18:39.001] [debug] [:] [FaceImageProvider.cpp:72:requestImage] "FaceImageProvider::requestImage rawId=xiaoxiaoyan_3_face_0?v=17 parsedId=xiaoxiaoyan_3_face_0 hit=true req=-1x-1 cached=247x268 cacheCount=7"
[2026-03-25 22:18:39.073] [debug] [:] [PicRecognitionObj.cpp:510:detectFacesInRgba] "Using DNN for face detection"
[2026-03-25 22:18:39.078] [debug] [:] [PicRecognitionObj.cpp:314:detectFacesWithDNN] "Starting DNN face detection, image size: 2736x3648"
[2026-03-25 22:18:39.078] [debug] [:] [PicRecognitionObj.cpp:315:detectFacesWithDNN] "Net is empty: false"
[2026-03-25 22:18:39.079] [debug] [:] [PicRecognitionObj.cpp:323:detectFacesWithDNN] "Blob created with size: 1x3x300x300"
[2026-03-25 22:18:39.089] [debug] [:] [PicRecognitionObj.cpp:334:detectFacesWithDNN] "Successfully got detections using output layer: detection_out, dims: 4"
[2026-03-25 22:18:39.089] [debug] [:] [PicRecognitionObj.cpp:362:detectFacesWithDNN] "Detections matrix dimensions: 4"
[2026-03-25 22:18:39.089] [debug] [:] [PicRecognitionObj.cpp:365:detectFacesWithDNN] "Detected Caffe-style output format: 1x1xNx7, num_detections: 200"
[2026-03-25 22:18:39.089] [debug] [:] [PicRecognitionObj.cpp:386:detectFacesWithDNN] "Converted coordinates: x=1135, y=2014, w=261, h=324"
[2026-03-25 22:18:39.089] [debug] [:] [PicRecognitionObj.cpp:390:detectFacesWithDNN] "Adding face detection: (1135,2014)-(1396,2338)"
[2026-03-25 22:18:39.089] [debug] [:] [PicRecognitionObj.cpp:479:detectFacesWithDNN] "DNN face detection finished, found 1 faces"
[2026-03-25 22:18:39.089] [debug] [:] [PicRecognitionObj.cpp:517:detectFacesInRgba] "DNN returned 1 faces"
[2026-03-25 22:18:39.094] [debug] [:] [PicRecognitionObj.cpp:291:estimateAge] "Age prediction: range=(0-2), confidence=0.516"
[2026-03-25 22:18:39.094] [debug] [:] [PicRecognitionObj.cpp:669:detectFacesInRgba] "Face detection completed: 1 faces detected for image ID: xiaoxiaoyan_4"
[2026-03-25 22:18:39.094] [debug] [:] [PicRecognitionObj.cpp:674:detectFacesInRgba] "Face 0: x=0.415, y=0.552, width=0.095, height=0.089, confidence=0.965, age=1, face image size: 341x404"
[2026-03-25 22:18:42.363] [debug] [:] [PicMatchViewModel.cpp:81:picCallbackBridge] "picCallbackBridge: handle=1, msg=1, user=0xbb9ca6080"
[2026-03-25 22:18:42.364] [debug] [:] [PicMatchViewModel.cpp:400:onPlayerCallback] "onPlayerCallback showid: xiaoxiaoyan_4"
[2026-03-25 22:18:42.368] [debug] [:] [FaceImageProvider.cpp:39:setImage] "FaceImageProvider::setImage id=xiaoxiaoyan_4_face_0 size=341x404 version=22 cacheCount=7"
[2026-03-25 22:18:42.368] [debug] [:] [PicMatchModel.cpp:150:facesToVariantList] "facesToVariantList face=xiaoxiaoyan_4_face_0 providerUrl=image://picmatchfaces/xiaoxiaoyan_4_face_0?v=18"
[2026-03-25 22:18:42.369] [debug] [:] [PicMatchViewModel.cpp:412:onPlayerCallback] "onPlayerCallback restored and setList count=1"
[2026-03-25 22:18:42.369] [debug] [:] [FaceImageProvider.cpp:72:requestImage] "FaceImageProvider::requestImage rawId=xiaoxiaoyan_4_face_0?v=18 parsedId=xiaoxiaoyan_4_face_0 hit=true req=-1x-1 cached=341x404 cacheCount=7"
[2026-03-25 22:18:42.444] [debug] [:] [PicRecognitionObj.cpp:510:detectFacesInRgba] "Using DNN for face detection"
[2026-03-25 22:18:42.448] [debug] [:] [PicRecognitionObj.cpp:314:detectFacesWithDNN] "Starting DNN face detection, image size: 2400x3200"
[2026-03-25 22:18:42.448] [debug] [:] [PicRecognitionObj.cpp:315:detectFacesWithDNN] "Net is empty: false"
[2026-03-25 22:18:42.448] [debug] [:] [PicRecognitionObj.cpp:323:detectFacesWithDNN] "Blob created with size: 1x3x300x300"
[2026-03-25 22:18:42.458] [debug] [:] [PicRecognitionObj.cpp:334:detectFacesWithDNN] "Successfully got detections using output layer: detection_out, dims: 4"
[2026-03-25 22:18:42.458] [debug] [:] [PicRecognitionObj.cpp:362:detectFacesWithDNN] "Detections matrix dimensions: 4"
[2026-03-25 22:18:42.458] [debug] [:] [PicRecognitionObj.cpp:365:detectFacesWithDNN] "Detected Caffe-style output format: 1x1xNx7, num_detections: 200"
[2026-03-25 22:18:42.458] [debug] [:] [PicRecognitionObj.cpp:386:detectFacesWithDNN] "Converted coordinates: x=568, y=694, w=356, h=413"
[2026-03-25 22:18:42.458] [debug] [:] [PicRecognitionObj.cpp:390:detectFacesWithDNN] "Adding face detection: (568,694)-(924,1107)"
[2026-03-25 22:18:42.458] [debug] [:] [PicRecognitionObj.cpp:479:detectFacesWithDNN] "DNN face detection finished, found 1 faces"
[2026-03-25 22:18:42.458] [debug] [:] [PicRecognitionObj.cpp:517:detectFacesInRgba] "DNN returned 1 faces"
[2026-03-25 22:18:42.464] [debug] [:] [PicRecognitionObj.cpp:291:estimateAge] "Age prediction: range=(4-6), confidence=0.935"
[2026-03-25 22:18:42.464] [debug] [:] [PicRecognitionObj.cpp:669:detectFacesInRgba] "Face detection completed: 1 faces detected for image ID: xiaoxiaoyan_5"
[2026-03-25 22:18:42.464] [debug] [:] [PicRecognitionObj.cpp:674:detectFacesInRgba] "Face 0: x=0.237, y=0.217, width=0.148, height=0.129, confidence=0.961, age=4, face image size: 436x493"
[2026-03-25 22:18:46.658] [info] [:] [main_qml.cpp:61:operator()] "QML: qrc:/qml/SettingsPage.qml (line 143): QML Connections: Implicitly defined onFoo properties in Connections are deprecated. Use this syntax instead: function onFoo(<arguments>) { ... }"
[2026-03-25 22:18:48.648] [debug] [:] [TranslationManager.cpp:27:beginUiTransition] "TranslationManager: UI transition begin"
[2026-03-25 22:18:48.648] [info] [:] [AppController.cpp:222:setLanguage] "AppController::setLanguage: language = 0"
[2026-03-25 22:18:48.648] [info] [:] [TranslationManager.cpp:49:setLanguage] "TranslationManager::setLanguage: language=0"
[2026-03-25 22:18:48.649] [info] [:] [TranslationManager.cpp:80:applyTranslation] "TranslationManager: main translation loaded, path=/Users/chrisyan/ClientForFrameWork/target/Mac/bin/ClientForFrame.app/Contents/MacOS/translations/clientframe_zh_CN.qm"
[2026-03-25 22:18:48.649] [debug] [:] [TranslationManager.cpp:101:loadComponentTranslations] "TranslationManager: macOS adjusted appDir=/Users/chrisyan/ClientForFrameWork/target/Mac/bin"
[2026-03-25 22:18:48.649] [info] [:] [TranslationManager.cpp:105:loadComponentTranslations] "TranslationManager: loading component translations from dir=/Users/chrisyan/ClientForFrameWork/target/Mac/bin/Component"
[2026-03-25 22:18:48.649] [debug] [:] [TranslationManager.cpp:115:loadComponentTranslations] "TranslationManager: translation suffix=_zh_CN.qm"
[2026-03-25 22:18:48.649] [debug] [:] [TranslationManager.cpp:126:loadComponentTranslations] "TranslationManager: trying component translation file=/Users/chrisyan/ClientForFrameWork/target/Mac/bin/Component/PicMatch/meta_info/runtime_info/language/picmatch_zh_CN.qm"
[2026-03-25 22:18:48.650] [info] [:] [TranslationManager.cpp:132:loadComponentTranslations] "TranslationManager: component translation loaded, file=/Users/chrisyan/ClientForFrameWork/target/Mac/bin/Component/PicMatch/meta_info/runtime_info/language/picmatch_zh_CN.qm"
[2026-03-25 22:18:48.653] [info] [:] [PicMatchComponent.cpp:154:onLanguageChanged] "PicMatchComponent::onLanguageChanged - language: 0"
[2026-03-25 22:18:48.654] [debug] [:] [TranslationManager.cpp:33:endUiTransition] "TranslationManager: UI transition end"
[2026-03-25 22:18:49.580] [info] [:] [StyleManager.cpp:24:applyTheme] "applyTheme: Light"
[2026-03-25 22:18:49.583] [info] [:] [PicMatchComponent.cpp:142:onThemeChanged] "PicMatchComponent::onThemeChanged - theme: 0"
[2026-03-25 22:18:50.589] [debug] [:] [PlayerHostItem.cpp:204:ensureHostWindowCreated] "PlayerHostItem: host window created, running=false, visible=false"
[2026-03-25 22:18:50.589] [info] [:] [PlayerHostItem.cpp:222:ensureHostWindowCreated] "PlayerHostItem: created QWindow host for OpenGL player (no QWidget embed)"
[2026-03-25 22:18:50.589] [info] [:] [PicMatchModel.cpp:74:initializeImageList] "Initialized image list from \"/Users/chrisyan/ClientForFrameWork/picdata\" with 6 images"
[2026-03-25 22:18:50.589] [info] [:] [PicRecognitionObj.cpp:83:init] "Found DNN config file: /Users/chrisyan/ClientForFrameWork/target/Mac/bin/Component/PicMatch/bin/face_detector/opencv_face_detector.pbtxt"
[2026-03-25 22:18:50.589] [info] [:] [PicRecognitionObj.cpp:95:init] "Found DNN model file: /Users/chrisyan/ClientForFrameWork/target/Mac/bin/Component/PicMatch/bin/face_detector/opencv_face_detector_uint8.pb"
[2026-03-25 22:18:50.603] [info] [:] [PicRecognitionObj.cpp:115:init] "Successfully loaded DNN face detection model"
[2026-03-25 22:18:50.604] [info] [:] [PicRecognitionObj.cpp:183:init] "Found age model config: /Users/chrisyan/ClientForFrameWork/target/Mac/bin/Component/PicMatch/bin/face_detector/age_deploy.prototxt"
[2026-03-25 22:18:50.604] [info] [:] [PicRecognitionObj.cpp:195:init] "Found age model: /Users/chrisyan/ClientForFrameWork/target/Mac/bin/Component/PicMatch/bin/face_detector/age_net.caffemodel"
[2026-03-25 22:18:50.619] [info] [:] [PicRecognitionObj.cpp:207:init] "Successfully loaded age estimation model"
[2026-03-25 22:18:50.619] [info] [:] [PicRecognitionObj.cpp:218:init] "Face recognition initialized successfully, using DNN: true, age estimation: true"
[2026-03-25 22:18:51.796] [info] [:] [PicMatchViewModel.cpp:296:doRegisterWindow] "ViewModel: window registered, handle=1"
[2026-03-25 22:18:51.796] [info] [:] [PicMatchModel.cpp:74:initializeImageList] "Initialized image list from \"/Users/chrisyan/ClientForFrameWork/picdata\" with 6 images"
[2026-03-25 22:18:51.893] [debug] [:] [PicRecognitionObj.cpp:510:detectFacesInRgba] "Using DNN for face detection"
[2026-03-25 22:18:51.895] [debug] [:] [PicRecognitionObj.cpp:314:detectFacesWithDNN] "Starting DNN face detection, image size: 3200x2400"
[2026-03-25 22:18:51.895] [debug] [:] [PicRecognitionObj.cpp:315:detectFacesWithDNN] "Net is empty: false"
[2026-03-25 22:18:51.895] [debug] [:] [PicRecognitionObj.cpp:323:detectFacesWithDNN] "Blob created with size: 1x3x300x300"
[2026-03-25 22:18:51.911] [debug] [:] [PicRecognitionObj.cpp:334:detectFacesWithDNN] "Successfully got detections using output layer: detection_out, dims: 4"
[2026-03-25 22:18:51.911] [debug] [:] [PicRecognitionObj.cpp:362:detectFacesWithDNN] "Detections matrix dimensions: 4"
[2026-03-25 22:18:51.911] [debug] [:] [PicRecognitionObj.cpp:365:detectFacesWithDNN] "Detected Caffe-style output format: 1x1xNx7, num_detections: 200"
[2026-03-25 22:18:51.911] [debug] [:] [PicRecognitionObj.cpp:386:detectFacesWithDNN] "Converted coordinates: x=1178, y=966, w=298, h=326"
[2026-03-25 22:18:51.911] [debug] [:] [PicRecognitionObj.cpp:390:detectFacesWithDNN] "Adding face detection: (1178,966)-(1476,1292)"
[2026-03-25 22:18:51.911] [debug] [:] [PicRecognitionObj.cpp:386:detectFacesWithDNN] "Converted coordinates: x=661, y=612, w=425, h=456"
[2026-03-25 22:18:51.911] [debug] [:] [PicRecognitionObj.cpp:390:detectFacesWithDNN] "Adding face detection: (661,612)-(1086,1068)"
[2026-03-25 22:18:51.911] [debug] [:] [PicRecognitionObj.cpp:479:detectFacesWithDNN] "DNN face detection finished, found 2 faces"
[2026-03-25 22:18:51.911] [debug] [:] [PicRecognitionObj.cpp:517:detectFacesInRgba] "DNN returned 2 faces"
[2026-03-25 22:18:51.921] [debug] [:] [PicRecognitionObj.cpp:291:estimateAge] "Age prediction: range=(4-6), confidence=0.523"
[2026-03-25 22:18:51.927] [debug] [:] [PicRecognitionObj.cpp:291:estimateAge] "Age prediction: range=(15-20), confidence=0.988"
[2026-03-25 22:18:51.927] [debug] [:] [PicRecognitionObj.cpp:669:detectFacesInRgba] "Face detection completed: 2 faces detected for image ID: beauty_20250216152514"
[2026-03-25 22:18:51.927] [debug] [:] [PicRecognitionObj.cpp:674:detectFacesInRgba] "Face 0: x=0.368, y=0.403, width=0.093, height=0.136, confidence=0.968, age=4, face image size: 378x406"
[2026-03-25 22:18:51.927] [debug] [:] [PicRecognitionObj.cpp:674:detectFacesInRgba] "Face 1: x=0.207, y=0.255, width=0.133, height=0.190, confidence=0.966, age=17, face image size: 505x536"
[2026-03-25 22:18:58.016] [debug] [:] [PicMatchViewModel.cpp:81:picCallbackBridge] "picCallbackBridge: handle=1, msg=1, user=0xbba12e440"
[2026-03-25 22:18:58.016] [debug] [:] [PicMatchViewModel.cpp:400:onPlayerCallback] "onPlayerCallback showid: beauty_20250216152514"
[2026-03-25 22:18:58.016] [debug] [:] [FaceImageProvider.cpp:39:setImage] "FaceImageProvider::setImage id=beauty_20250216152514_face_0 size=378x406 version=23 cacheCount=7"
[2026-03-25 22:18:58.016] [debug] [:] [PicMatchModel.cpp:150:facesToVariantList] "facesToVariantList face=beauty_20250216152514_face_0 providerUrl=image://picmatchfaces/beauty_20250216152514_face_0?v=19"
[2026-03-25 22:18:58.017] [debug] [:] [FaceImageProvider.cpp:39:setImage] "FaceImageProvider::setImage id=beauty_20250216152514_face_1 size=505x536 version=24 cacheCount=7"
[2026-03-25 22:18:58.017] [debug] [:] [PicMatchModel.cpp:150:facesToVariantList] "facesToVariantList face=beauty_20250216152514_face_1 providerUrl=image://picmatchfaces/beauty_20250216152514_face_1?v=19"
[2026-03-25 22:18:58.018] [debug] [:] [FaceImageProvider.cpp:72:requestImage] "FaceImageProvider::requestImage rawId=beauty_20250216152514_face_0?v=19 parsedId=beauty_20250216152514_face_0 hit=true req=-1x-1 cached=378x406 cacheCount=7"
[2026-03-25 22:18:58.018] [debug] [:] [FaceImageProvider.cpp:72:requestImage] "FaceImageProvider::requestImage rawId=beauty_20250216152514_face_1?v=19 parsedId=beauty_20250216152514_face_1 hit=true req=-1x-1 cached=505x536 cacheCount=7"
[2026-03-25 22:18:58.018] [debug] [:] [PicMatchViewModel.cpp:412:onPlayerCallback] "onPlayerCallback restored and setList count=2"
[2026-03-25 22:18:58.040] [debug] [:] [PicRecognitionObj.cpp:510:detectFacesInRgba] "Using DNN for face detection"
[2026-03-25 22:18:58.040] [debug] [:] [PicRecognitionObj.cpp:314:detectFacesWithDNN] "Starting DNN face detection, image size: 1279x1706"
[2026-03-25 22:18:58.040] [debug] [:] [PicRecognitionObj.cpp:315:detectFacesWithDNN] "Net is empty: false"
[2026-03-25 22:18:58.041] [debug] [:] [PicRecognitionObj.cpp:323:detectFacesWithDNN] "Blob created with size: 1x3x300x300"
[2026-03-25 22:18:58.050] [debug] [:] [PicRecognitionObj.cpp:334:detectFacesWithDNN] "Successfully got detections using output layer: detection_out, dims: 4"
[2026-03-25 22:18:58.050] [debug] [:] [PicRecognitionObj.cpp:362:detectFacesWithDNN] "Detections matrix dimensions: 4"
[2026-03-25 22:18:58.050] [debug] [:] [PicRecognitionObj.cpp:365:detectFacesWithDNN] "Detected Caffe-style output format: 1x1xNx7, num_detections: 200"
[2026-03-25 22:18:58.050] [debug] [:] [PicRecognitionObj.cpp:386:detectFacesWithDNN] "Converted coordinates: x=667, y=453, w=129, h=154"
[2026-03-25 22:18:58.050] [debug] [:] [PicRecognitionObj.cpp:390:detectFacesWithDNN] "Adding face detection: (667,453)-(796,607)"
[2026-03-25 22:18:58.050] [debug] [:] [PicRecognitionObj.cpp:479:detectFacesWithDNN] "DNN face detection finished, found 1 faces"
[2026-03-25 22:18:58.050] [debug] [:] [PicRecognitionObj.cpp:517:detectFacesInRgba] "DNN returned 1 faces"
[2026-03-25 22:18:58.056] [debug] [:] [PicRecognitionObj.cpp:291:estimateAge] "Age prediction: range=(15-20), confidence=0.520"
[2026-03-25 22:18:58.056] [debug] [:] [PicRecognitionObj.cpp:669:detectFacesInRgba] "Face detection completed: 1 faces detected for image ID: xiaoxiaoyan_1"
[2026-03-25 22:18:58.056] [debug] [:] [PicRecognitionObj.cpp:674:detectFacesInRgba] "Face 0: x=0.522, y=0.266, width=0.101, height=0.090, confidence=0.959, age=17, face image size: 209x234"
[2026-03-25 22:19:01.163] [debug] [:] [PicMatchViewModel.cpp:81:picCallbackBridge] "picCallbackBridge: handle=1, msg=1, user=0xbba12e440"
[2026-03-25 22:19:01.163] [debug] [:] [PicMatchViewModel.cpp:400:onPlayerCallback] "onPlayerCallback showid: xiaoxiaoyan_1"
[2026-03-25 22:19:01.163] [debug] [:] [FaceImageProvider.cpp:39:setImage] "FaceImageProvider::setImage id=xiaoxiaoyan_1_face_0 size=209x234 version=25 cacheCount=7"
[2026-03-25 22:19:01.163] [debug] [:] [PicMatchModel.cpp:150:facesToVariantList] "facesToVariantList face=xiaoxiaoyan_1_face_0 providerUrl=image://picmatchfaces/xiaoxiaoyan_1_face_0?v=20"
[2026-03-25 22:19:01.165] [debug] [:] [FaceImageProvider.cpp:72:requestImage] "FaceImageProvider::requestImage rawId=xiaoxiaoyan_1_face_0?v=20 parsedId=xiaoxiaoyan_1_face_0 hit=true req=-1x-1 cached=209x234 cacheCount=7"
[2026-03-25 22:19:01.165] [debug] [:] [PicMatchViewModel.cpp:412:onPlayerCallback] "onPlayerCallback restored and setList count=1"
[2026-03-25 22:19:01.176] [debug] [:] [PicRecognitionObj.cpp:510:detectFacesInRgba] "Using DNN for face detection"
[2026-03-25 22:19:01.177] [debug] [:] [PicRecognitionObj.cpp:314:detectFacesWithDNN] "Starting DNN face detection, image size: 960x1282"
[2026-03-25 22:19:01.177] [debug] [:] [PicRecognitionObj.cpp:315:detectFacesWithDNN] "Net is empty: false"
[2026-03-25 22:19:01.177] [debug] [:] [PicRecognitionObj.cpp:323:detectFacesWithDNN] "Blob created with size: 1x3x300x300"
[2026-03-25 22:19:01.187] [debug] [:] [PicRecognitionObj.cpp:334:detectFacesWithDNN] "Successfully got detections using output layer: detection_out, dims: 4"
[2026-03-25 22:19:01.187] [debug] [:] [PicRecognitionObj.cpp:362:detectFacesWithDNN] "Detections matrix dimensions: 4"
[2026-03-25 22:19:01.187] [debug] [:] [PicRecognitionObj.cpp:365:detectFacesWithDNN] "Detected Caffe-style output format: 1x1xNx7, num_detections: 200"
[2026-03-25 22:19:01.187] [debug] [:] [PicRecognitionObj.cpp:386:detectFacesWithDNN] "Converted coordinates: x=250, y=199, w=350, h=373"
[2026-03-25 22:19:01.187] [debug] [:] [PicRecognitionObj.cpp:390:detectFacesWithDNN] "Adding face detection: (250,199)-(600,572)"
[2026-03-25 22:19:01.187] [debug] [:] [PicRecognitionObj.cpp:479:detectFacesWithDNN] "DNN face detection finished, found 1 faces"
[2026-03-25 22:19:01.187] [debug] [:] [PicRecognitionObj.cpp:517:detectFacesInRgba] "DNN returned 1 faces"
[2026-03-25 22:19:01.193] [debug] [:] [PicRecognitionObj.cpp:291:estimateAge] "Age prediction: range=(0-2), confidence=0.681"
[2026-03-25 22:19:01.193] [debug] [:] [PicRecognitionObj.cpp:669:detectFacesInRgba] "Face detection completed: 1 faces detected for image ID: xiaoxiaoyan_2"
[2026-03-25 22:19:01.193] [debug] [:] [PicRecognitionObj.cpp:674:detectFacesInRgba] "Face 0: x=0.260, y=0.155, width=0.365, height=0.291, confidence=0.948, age=1, face image size: 430x453"
[2026-03-25 22:19:04.347] [debug] [:] [PicMatchViewModel.cpp:81:picCallbackBridge] "picCallbackBridge: handle=1, msg=1, user=0xbba12e440"
[2026-03-25 22:19:04.347] [debug] [:] [PicMatchViewModel.cpp:400:onPlayerCallback] "onPlayerCallback showid: xiaoxiaoyan_2"
[2026-03-25 22:19:04.347] [debug] [:] [FaceImageProvider.cpp:39:setImage] "FaceImageProvider::setImage id=xiaoxiaoyan_2_face_0 size=430x453 version=26 cacheCount=7"
[2026-03-25 22:19:04.347] [debug] [:] [PicMatchModel.cpp:150:facesToVariantList] "facesToVariantList face=xiaoxiaoyan_2_face_0 providerUrl=image://picmatchfaces/xiaoxiaoyan_2_face_0?v=21"
[2026-03-25 22:19:04.348] [debug] [:] [FaceImageProvider.cpp:72:requestImage] "FaceImageProvider::requestImage rawId=xiaoxiaoyan_2_face_0?v=21 parsedId=xiaoxiaoyan_2_face_0 hit=true req=-1x-1 cached=430x453 cacheCount=7"
[2026-03-25 22:19:04.348] [debug] [:] [PicMatchViewModel.cpp:412:onPlayerCallback] "onPlayerCallback restored and setList count=1"
[2026-03-25 22:19:04.370] [debug] [:] [PicRecognitionObj.cpp:510:detectFacesInRgba] "Using DNN for face detection"
[2026-03-25 22:19:04.370] [debug] [:] [PicRecognitionObj.cpp:314:detectFacesWithDNN] "Starting DNN face detection, image size: 1279x1706"
[2026-03-25 22:19:04.370] [debug] [:] [PicRecognitionObj.cpp:315:detectFacesWithDNN] "Net is empty: false"
[2026-03-25 22:19:04.371] [debug] [:] [PicRecognitionObj.cpp:323:detectFacesWithDNN] "Blob created with size: 1x3x300x300"
[2026-03-25 22:19:04.380] [debug] [:] [PicRecognitionObj.cpp:334:detectFacesWithDNN] "Successfully got detections using output layer: detection_out, dims: 4"
[2026-03-25 22:19:04.381] [debug] [:] [PicRecognitionObj.cpp:362:detectFacesWithDNN] "Detections matrix dimensions: 4"
[2026-03-25 22:19:04.381] [debug] [:] [PicRecognitionObj.cpp:365:detectFacesWithDNN] "Detected Caffe-style output format: 1x1xNx7, num_detections: 200"
[2026-03-25 22:19:04.381] [debug] [:] [PicRecognitionObj.cpp:386:detectFacesWithDNN] "Converted coordinates: x=612, y=449, w=167, h=188"
[2026-03-25 22:19:04.381] [debug] [:] [PicRecognitionObj.cpp:390:detectFacesWithDNN] "Adding face detection: (612,449)-(779,637)"
[2026-03-25 22:19:04.381] [debug] [:] [PicRecognitionObj.cpp:479:detectFacesWithDNN] "DNN face detection finished, found 1 faces"
[2026-03-25 22:19:04.381] [debug] [:] [PicRecognitionObj.cpp:517:detectFacesInRgba] "DNN returned 1 faces"
[2026-03-25 22:19:04.386] [debug] [:] [PicRecognitionObj.cpp:291:estimateAge] "Age prediction: range=(4-6), confidence=0.767"
[2026-03-25 22:19:04.386] [debug] [:] [PicRecognitionObj.cpp:669:detectFacesInRgba] "Face detection completed: 1 faces detected for image ID: xiaoxiaoyan_3"
[2026-03-25 22:19:04.386] [debug] [:] [PicRecognitionObj.cpp:674:detectFacesInRgba] "Face 0: x=0.478, y=0.263, width=0.131, height=0.110, confidence=0.964, age=4, face image size: 247x268"
[2026-03-25 22:19:07.483] [debug] [:] [PicMatchViewModel.cpp:81:picCallbackBridge] "picCallbackBridge: handle=1, msg=1, user=0xbba12e440"
[2026-03-25 22:19:07.483] [debug] [:] [PicMatchViewModel.cpp:400:onPlayerCallback] "onPlayerCallback showid: xiaoxiaoyan_3"
[2026-03-25 22:19:07.483] [debug] [:] [FaceImageProvider.cpp:39:setImage] "FaceImageProvider::setImage id=xiaoxiaoyan_3_face_0 size=247x268 version=27 cacheCount=7"
[2026-03-25 22:19:07.483] [debug] [:] [PicMatchModel.cpp:150:facesToVariantList] "facesToVariantList face=xiaoxiaoyan_3_face_0 providerUrl=image://picmatchfaces/xiaoxiaoyan_3_face_0?v=22"
[2026-03-25 22:19:07.484] [debug] [:] [FaceImageProvider.cpp:72:requestImage] "FaceImageProvider::requestImage rawId=xiaoxiaoyan_3_face_0?v=22 parsedId=xiaoxiaoyan_3_face_0 hit=true req=-1x-1 cached=247x268 cacheCount=7"
[2026-03-25 22:19:07.484] [debug] [:] [PicMatchViewModel.cpp:412:onPlayerCallback] "onPlayerCallback restored and setList count=1"
[2026-03-25 22:19:07.554] [debug] [:] [PicRecognitionObj.cpp:510:detectFacesInRgba] "Using DNN for face detection"
[2026-03-25 22:19:07.557] [debug] [:] [PicRecognitionObj.cpp:314:detectFacesWithDNN] "Starting DNN face detection, image size: 2736x3648"
[2026-03-25 22:19:07.557] [debug] [:] [PicRecognitionObj.cpp:315:detectFacesWithDNN] "Net is empty: false"
[2026-03-25 22:19:07.557] [debug] [:] [PicRecognitionObj.cpp:323:detectFacesWithDNN] "Blob created with size: 1x3x300x300"
[2026-03-25 22:19:07.567] [debug] [:] [PicRecognitionObj.cpp:334:detectFacesWithDNN] "Successfully got detections using output layer: detection_out, dims: 4"
[2026-03-25 22:19:07.567] [debug] [:] [PicRecognitionObj.cpp:362:detectFacesWithDNN] "Detections matrix dimensions: 4"
[2026-03-25 22:19:07.567] [debug] [:] [PicRecognitionObj.cpp:365:detectFacesWithDNN] "Detected Caffe-style output format: 1x1xNx7, num_detections: 200"
[2026-03-25 22:19:07.567] [debug] [:] [PicRecognitionObj.cpp:386:detectFacesWithDNN] "Converted coordinates: x=1135, y=2014, w=261, h=324"
[2026-03-25 22:19:07.567] [debug] [:] [PicRecognitionObj.cpp:390:detectFacesWithDNN] "Adding face detection: (1135,2014)-(1396,2338)"
[2026-03-25 22:19:07.567] [debug] [:] [PicRecognitionObj.cpp:479:detectFacesWithDNN] "DNN face detection finished, found 1 faces"
[2026-03-25 22:19:07.567] [debug] [:] [PicRecognitionObj.cpp:517:detectFacesInRgba] "DNN returned 1 faces"
[2026-03-25 22:19:07.573] [debug] [:] [PicRecognitionObj.cpp:291:estimateAge] "Age prediction: range=(0-2), confidence=0.516"
[2026-03-25 22:19:07.573] [debug] [:] [PicRecognitionObj.cpp:669:detectFacesInRgba] "Face detection completed: 1 faces detected for image ID: xiaoxiaoyan_4"
[2026-03-25 22:19:07.573] [debug] [:] [PicRecognitionObj.cpp:674:detectFacesInRgba] "Face 0: x=0.415, y=0.552, width=0.095, height=0.089, confidence=0.965, age=1, face image size: 341x404"
[2026-03-25 22:19:10.630] [debug] [:] [PicMatchViewModel.cpp:81:picCallbackBridge] "picCallbackBridge: handle=1, msg=1, user=0xbba12e440"
[2026-03-25 22:19:10.630] [debug] [:] [PicMatchViewModel.cpp:400:onPlayerCallback] "onPlayerCallback showid: xiaoxiaoyan_4"
[2026-03-25 22:19:10.635] [debug] [:] [FaceImageProvider.cpp:39:setImage] "FaceImageProvider::setImage id=xiaoxiaoyan_4_face_0 size=341x404 version=28 cacheCount=7"
[2026-03-25 22:19:10.635] [debug] [:] [PicMatchModel.cpp:150:facesToVariantList] "facesToVariantList face=xiaoxiaoyan_4_face_0 providerUrl=image://picmatchfaces/xiaoxiaoyan_4_face_0?v=23"
[2026-03-25 22:19:10.635] [debug] [:] [PicMatchViewModel.cpp:412:onPlayerCallback] "onPlayerCallback restored and setList count=1"
[2026-03-25 22:19:10.635] [debug] [:] [FaceImageProvider.cpp:72:requestImage] "FaceImageProvider::requestImage rawId=xiaoxiaoyan_4_face_0?v=23 parsedId=xiaoxiaoyan_4_face_0 hit=true req=-1x-1 cached=341x404 cacheCount=7"
[2026-03-25 22:19:10.712] [debug] [:] [PicRecognitionObj.cpp:510:detectFacesInRgba] "Using DNN for face detection"
[2026-03-25 22:19:10.717] [debug] [:] [PicRecognitionObj.cpp:314:detectFacesWithDNN] "Starting DNN face detection, image size: 2400x3200"
[2026-03-25 22:19:10.717] [debug] [:] [PicRecognitionObj.cpp:315:detectFacesWithDNN] "Net is empty: false"
[2026-03-25 22:19:10.717] [debug] [:] [PicRecognitionObj.cpp:323:detectFacesWithDNN] "Blob created with size: 1x3x300x300"
[2026-03-25 22:19:10.727] [debug] [:] [PicRecognitionObj.cpp:334:detectFacesWithDNN] "Successfully got detections using output layer: detection_out, dims: 4"
[2026-03-25 22:19:10.727] [debug] [:] [PicRecognitionObj.cpp:362:detectFacesWithDNN] "Detections matrix dimensions: 4"
[2026-03-25 22:19:10.727] [debug] [:] [PicRecognitionObj.cpp:365:detectFacesWithDNN] "Detected Caffe-style output format: 1x1xNx7, num_detections: 200"
[2026-03-25 22:19:10.727] [debug] [:] [PicRecognitionObj.cpp:386:detectFacesWithDNN] "Converted coordinates: x=568, y=694, w=356, h=413"
[2026-03-25 22:19:10.727] [debug] [:] [PicRecognitionObj.cpp:390:detectFacesWithDNN] "Adding face detection: (568,694)-(924,1107)"
[2026-03-25 22:19:10.727] [debug] [:] [PicRecognitionObj.cpp:479:detectFacesWithDNN] "DNN face detection finished, found 1 faces"
[2026-03-25 22:19:10.727] [debug] [:] [PicRecognitionObj.cpp:517:detectFacesInRgba] "DNN returned 1 faces"
[2026-03-25 22:19:10.732] [debug] [:] [PicRecognitionObj.cpp:291:estimateAge] "Age prediction: range=(4-6), confidence=0.935"
[2026-03-25 22:19:10.733] [debug] [:] [PicRecognitionObj.cpp:669:detectFacesInRgba] "Face detection completed: 1 faces detected for image ID: xiaoxiaoyan_5"
[2026-03-25 22:19:10.733] [debug] [:] [PicRecognitionObj.cpp:674:detectFacesInRgba] "Face 0: x=0.237, y=0.217, width=0.148, height=0.129, confidence=0.961, age=4, face image size: 436x493"
[2026-03-25 22:19:13.813] [debug] [:] [PicMatchViewModel.cpp:81:picCallbackBridge] "picCallbackBridge: handle=1, msg=1, user=0xbba12e440"
[2026-03-25 22:19:13.813] [debug] [:] [PicMatchViewModel.cpp:400:onPlayerCallback] "onPlayerCallback showid: xiaoxiaoyan_5"
[2026-03-25 22:19:13.814] [debug] [:] [FaceImageProvider.cpp:39:setImage] "FaceImageProvider::setImage id=xiaoxiaoyan_5_face_0 size=436x493 version=29 cacheCount=7"
[2026-03-25 22:19:13.814] [debug] [:] [PicMatchModel.cpp:150:facesToVariantList] "facesToVariantList face=xiaoxiaoyan_5_face_0 providerUrl=image://picmatchfaces/xiaoxiaoyan_5_face_0?v=24"
[2026-03-25 22:19:13.815] [debug] [:] [FaceImageProvider.cpp:72:requestImage] "FaceImageProvider::requestImage rawId=xiaoxiaoyan_5_face_0?v=24 parsedId=xiaoxiaoyan_5_face_0 hit=true req=-1x-1 cached=436x493 cacheCount=7"
[2026-03-25 22:19:13.815] [debug] [:] [PicMatchViewModel.cpp:412:onPlayerCallback] "onPlayerCallback restored and setList count=1"
[2026-03-25 22:19:16.918] [info] [:] [main_qml.cpp:122:main] "-------------------------------Application (QML) event loop exited, code=0"
